DATE,TIME,Temp_Avg (Â°C),RH_Avg (%),Wspeed_Avg (m/s),Wspeed_Max (m/s),Wdir_Avg (deg),Press_Avg (hPa),Lat,Long,Alt
2018-03-01,0:00,18.19,40.11,2.255,5.08,340.8,815.625,21.9157,102.319,1868
2018-03-01,1:00,17.15,42.74,1.981,5.1,347.2,815.747,21.9157,102.319,1868
2018-03-01,2:00,16.03,46.47,0.803,2.47,136.3,815.901,21.9157,102.319,1868
2018-03-01,3:00,15.84,46.55,1.621,2.84,212.6,815.744,21.9157,102.319,1868
2018-03-01,4:00,13.8,55.05,1.293,2.46,353.2,815.834,21.9157,102.319,1868
2018-03-01,5:00,12.67,59.31,0.982,1.9,27.1,815.994,21.9157,102.319,1868
2018-03-01,6:00,11.76,63.33,1.216,2.66,14.3,816.276,21.9157,102.319,1868
2018-03-01,7:00,10.27,67.51,1.039,2.36,353.9,816.52,21.9157,102.319,1868
2018-03-01,8:00,10.51,65.1,1.365,2.65,12,817.078,21.9157,102.319,1868
2018-03-01,9:00,11.97,61.04,0.929,1.62,307,817.865,21.9157,102.319,1868
2018-03-01,10:00,16.24,46.54,0.829,1.96,350.4,818.266,21.9157,102.319,1868
2018-03-01,11:00,20.13,33.7,0.98,2.78,157.1,818.257,21.9157,102.319,1868
2018-03-01,12:00,22.57,26.93,1.344,3.04,299.7,817.898,21.9157,102.319,1868
2018-03-01,13:00,24.22,26.64,2.258,6.18,182,817.32,21.9157,102.319,1868
2018-03-01,14:00,25.25,24.39,3.552,9.65,189.4,816.42,21.9157,102.319,1868
2018-03-01,15:00,25.9,22.38,3.559,7.55,186.8,815.647,21.9157,102.319,1868
2018-03-01,16:00,26.41,21.31,3.058,6.1,209.7,815.041,21.9157,102.319,1868
2018-03-01,17:00,26.56,20.36,3.138,7.05,196.2,814.649,21.9157,102.319,1868
2018-03-01,18:00,26.45,20.69,3.139,6.67,195.9,814.514,21.9157,102.319,1868
2018-03-01,19:00,25.56,21.01,2.653,5.3,196.6,814.817,21.9157,102.319,1868
2018-03-01,20:00,23.15,25.86,1.331,2.35,244.7,815.101,21.9157,102.319,1868
2018-03-01,21:00,21.09,29.18,1.012,4.28,328.1,815.542,21.9157,102.319,1868
2018-03-01,22:00,20.44,31.02,0.764,1.8,212.5,816.084,21.9157,102.319,1868
2018-03-01,23:00,18.81,35.52,1.615,4.93,216.1,816.561,21.9157,102.319,1868
2018-03-02,0:00,17.65,37.62,1.023,2.4,225.2,816.558,21.9157,102.319,1868
2018-03-02,1:00,17.29,40.15,1.757,3.42,73.1,816.865,21.9157,102.319,1868
2018-03-02,2:00,14.33,46.42,2.063,4.36,2.1,817.316,21.9157,102.319,1868
2018-03-02,3:00,14.89,44.15,1.791,3.4,23.1,817.253,21.9157,102.319,1868
2018-03-02,4:00,14.01,52.96,1.889,3.52,19.7,817.057,21.9157,102.319,1868
2018-03-02,5:00,13.23,62.11,2.739,6.23,20.6,816.977,21.9157,102.319,1868
2018-03-02,6:00,12.49,60.63,2.492,5.89,21.2,817.02,21.9157,102.319,1868
2018-03-02,7:00,11.88,58.86,3.057,5.75,27.4,817.467,21.9157,102.319,1868
2018-03-02,8:00,11.72,61.1,2.779,5.56,29.1,818.226,21.9157,102.319,1868
2018-03-02,9:00,13.5,61.7,2.876,6.62,22.1,818.894,21.9157,102.319,1868
2018-03-02,10:00,15.69,62.55,3.008,6.02,24.8,819.219,21.9157,102.319,1868
2018-03-02,11:00,17.9,57.03,2.254,4.75,38.4,819.199,21.9157,102.319,1868
2018-03-02,12:00,20.39,49.45,1.846,4.41,352.9,818.888,21.9157,102.319,1868
2018-03-02,13:00,22.42,43.6,2.022,4.83,328,818.142,21.9157,102.319,1868
2018-03-02,14:00,24.05,36.3,1.828,4.14,8.1,817.276,21.9157,102.319,1868
2018-03-02,15:00,25.33,32.64,1.747,4.9,258.1,816.356,21.9157,102.319,1868
2018-03-02,16:00,25.94,28.27,2.327,5.47,234.6,815.532,21.9157,102.319,1868
2018-03-02,17:00,26.66,26.2,1.88,5.52,219.6,815.137,21.9157,102.319,1868
2018-03-02,18:00,26.44,25.92,2.133,4.35,238.2,814.887,21.9157,102.319,1868
2018-03-02,19:00,25.59,27.47,0.96,3.22,260.2,815.078,21.9157,102.319,1868
2018-03-02,20:00,24.07,31.29,1.427,7.54,349.8,815.396,21.9157,102.319,1868
2018-03-02,21:00,22.19,34.82,4.144,8.36,86.8,816.152,21.9157,102.319,1868
2018-03-02,22:00,20.16,38.75,2.118,4.88,341.9,817.244,21.9157,102.319,1868
2018-03-02,23:00,19,40.63,3.601,7.48,27.8,817.632,21.9157,102.319,1868
2018-03-03,0:00,18.19,41.27,3.835,6.31,39.8,817.995,21.9157,102.319,1868
2018-03-03,1:00,17.37,43.17,3.237,6.07,35.8,818.096,21.9157,102.319,1868
2018-03-03,2:00,16.51,45.84,2.14,4.09,7.5,818.166,21.9157,102.319,1868
2018-03-03,3:00,15.58,48.25,2.777,5.45,18,818.003,21.9157,102.319,1868
2018-03-03,4:00,14.81,49.93,3.319,5.75,22.9,817.995,21.9157,102.319,1868
2018-03-03,5:00,14.43,50.94,2.624,5.27,26,817.897,21.9157,102.319,1868
2018-03-03,6:00,14.38,52.08,2.415,4.02,39.7,817.951,21.9157,102.319,1868
2018-03-03,7:00,14.25,53.91,2.442,4.19,51.6,818.292,21.9157,102.319,1868
2018-03-03,8:00,14.23,54.11,1.836,3.36,30.1,818.842,21.9157,102.319,1868
2018-03-03,9:00,14.48,55.26,1.561,3.22,13.9,819.372,21.9157,102.319,1868
2018-03-03,10:00,15.88,50.52,1.861,3.99,13.8,819.863,21.9157,102.319,1868
2018-03-03,11:00,19.35,42.76,1.231,3.6,257.4,819.795,21.9157,102.319,1868
2018-03-03,12:00,21.42,38.81,1.642,4.35,207,819.261,21.9157,102.319,1868
2018-03-03,13:00,23.82,34.84,2.126,6.37,202.3,818.317,21.9157,102.319,1868
2018-03-03,14:00,25.31,31.09,2.136,5.15,169.5,817.249,21.9157,102.319,1868
2018-03-03,15:00,26.45,24.94,2.331,6.33,218.3,816.219,21.9157,102.319,1868
2018-03-03,16:00,27.17,20.96,2.584,6.75,193.2,815.395,21.9157,102.319,1868
2018-03-03,17:00,27.57,20.21,2.486,6.74,190.1,814.896,21.9157,102.319,1868
2018-03-03,18:00,27.48,19.36,2.019,4.44,206,814.622,21.9157,102.319,1868
2018-03-03,19:00,26.39,21.15,1.628,4.62,293,814.723,21.9157,102.319,1868
2018-03-03,20:00,24.02,26.06,1.483,4.04,54.5,815.13,21.9157,102.319,1868
2018-03-03,21:00,23.31,27.27,1.645,4.59,69.5,815.681,21.9157,102.319,1868
2018-03-03,22:00,20.74,33.8,1.357,3.69,313.6,816.3,21.9157,102.319,1868
2018-03-03,23:00,20.06,36.76,1.894,4.58,29.3,816.65,21.9157,102.319,1868
2018-03-04,0:00,18.8,40.7,1.919,3.36,18.7,816.942,21.9157,102.319,1868
2018-03-04,1:00,18.04,42.57,2.056,3.79,23.7,816.93,21.9157,102.319,1868
2018-03-04,2:00,16.89,46.34,2.129,4.67,26.8,816.891,21.9157,102.319,1868
2018-03-04,3:00,15.64,50.83,2.189,3.99,19.9,816.604,21.9157,102.319,1868
2018-03-04,4:00,15.04,52.86,1.63,3.41,29.8,816.458,21.9157,102.319,1868
2018-03-04,5:00,13.31,59.83,1.415,2.65,6.5,816.501,21.9157,102.319,1868
2018-03-04,6:00,12.39,62.06,1.395,2.69,4.7,816.679,21.9157,102.319,1868
2018-03-04,7:00,11.45,65.71,1.319,2.19,8.7,817.06,21.9157,102.319,1868
2018-03-04,8:00,11.74,63.68,1.825,4.15,18.4,817.429,21.9157,102.319,1868
2018-03-04,9:00,14.39,54.12,1.949,4.14,29,817.914,21.9157,102.319,1868
2018-03-04,10:00,17.33,45.27,1.592,3.09,12.8,818.023,21.9157,102.319,1868
2018-03-04,11:00,20.04,37.76,1.04,2.85,350.8,818.011,21.9157,102.319,1868
2018-03-04,12:00,23.08,29.72,1.179,3.38,325.8,817.596,21.9157,102.319,1868
2018-03-04,13:00,25.06,22.02,1.949,3.96,41.3,816.725,21.9157,102.319,1868
2018-03-04,14:00,26.23,19.82,1.768,4.6,349.1,815.68,21.9157,102.319,1868
2018-03-04,15:00,27.22,18.35,2.406,5.34,210.4,814.687,21.9157,102.319,1868
2018-03-04,16:00,27.5,15.86,2.379,5.92,235.6,814.054,21.9157,102.319,1868
2018-03-04,17:00,27.74,14.42,2.677,10.19,285.6,813.695,21.9157,102.319,1868
2018-03-04,18:00,27.35,14.06,2.92,6.05,251.6,813.593,21.9157,102.319,1868
2018-03-04,19:00,26.28,15.58,2.151,4.75,250.3,813.741,21.9157,102.319,1868
2018-03-04,20:00,24.01,17.83,1.677,2.85,264,813.907,21.9157,102.319,1868
2018-03-04,21:00,21.74,21.26,1.686,3.06,285.8,814.248,21.9157,102.319,1868
2018-03-04,22:00,20.35,24.54,2.361,5.84,288.7,814.524,21.9157,102.319,1868
2018-03-04,23:00,20.16,26.16,2.283,6.9,337.7,814.65,21.9157,102.319,1868
2018-03-05,0:00,19.95,28.98,2.565,6.02,347,814.739,21.9157,102.319,1868
2018-03-05,1:00,19.11,29.53,1.992,4.91,356.7,814.808,21.9157,102.319,1868
2018-03-05,2:00,15.51,38.4,1.588,3.67,349,814.835,21.9157,102.319,1868
2018-03-05,3:00,14.17,39.39,0.927,1.64,8.1,814.828,21.9157,102.319,1868
2018-03-05,4:00,13.88,39.98,1.517,2.56,23.6,814.909,21.9157,102.319,1868
2018-03-05,5:00,12.22,46.06,1.431,2.51,357.2,814.872,21.9157,102.319,1868
2018-03-05,6:00,11.35,47.56,1.324,2.46,10.3,815.218,21.9157,102.319,1868
2018-03-05,7:00,10.28,52.68,1.071,1.93,354.3,815.725,21.9157,102.319,1868
2018-03-05,8:00,10.08,54.24,1.38,2.28,354.4,816.332,21.9157,102.319,1868
2018-03-05,9:00,12.57,47.72,1.496,2.79,4.5,816.884,21.9157,102.319,1868
2018-03-05,10:00,16.29,40.28,1.621,3.09,18.8,817.281,21.9157,102.319,1868
2018-03-05,11:00,19.87,32.02,1.519,3.43,349.3,817.113,21.9157,102.319,1868
2018-03-05,12:00,22.7,24.61,1.205,2.74,266.7,816.551,21.9157,102.319,1868
2018-03-05,13:00,24.25,22.19,1.724,4.32,243,815.549,21.9157,102.319,1868
2018-03-05,14:00,25.61,20.1,1.758,6.77,155.9,814.488,21.9157,102.319,1868
2018-03-05,15:00,26.46,17.67,3.444,7.71,201.5,813.485,21.9157,102.319,1868
2018-03-05,16:00,26.73,16.26,3.519,7.23,257.2,812.924,21.9157,102.319,1868
2018-03-05,17:00,26.78,16.6,3.069,6.28,240.5,812.657,21.9157,102.319,1868
2018-03-05,18:00,26.62,16.48,3.016,6.68,260.6,812.535,21.9157,102.319,1868
2018-03-05,19:00,25.57,17.45,2.248,4.72,267.9,812.717,21.9157,102.319,1868
2018-03-05,20:00,23.46,20.33,1.821,3.46,263.8,812.984,21.9157,102.319,1868
2018-03-05,21:00,21.51,23.51,1.359,3.19,280.2,813.244,21.9157,102.319,1868
2018-03-05,22:00,20.53,25.47,2.47,6.04,262.6,813.695,21.9157,102.319,1868
2018-03-05,23:00,20.81,23.6,2.454,5.8,268.8,814.495,21.9157,102.319,1868
2018-03-06,0:00,19.51,25.28,1.826,5.02,353.9,814.718,21.9157,102.319,1868
2018-03-06,1:00,18.8,26.28,1.695,4.02,19.8,814.722,21.9157,102.319,1868
2018-03-06,2:00,18.61,26.35,1.641,5.81,262.6,814.68,21.9157,102.319,1868
2018-03-06,3:00,16.8,30.97,1.28,2.82,328.2,814.426,21.9157,102.319,1868
2018-03-06,4:00,14.43,39.52,1.215,2.5,21.6,814.374,21.9157,102.319,1868
2018-03-06,5:00,12.27,45.97,1.181,2.49,355.9,814.42,21.9157,102.319,1868
2018-03-06,6:00,11.77,45.13,1.168,1.79,13.5,814.632,21.9157,102.319,1868
2018-03-06,7:00,11.22,46.68,1.638,2.72,14.6,814.995,21.9157,102.319,1868
2018-03-06,8:00,10.09,51.96,1.267,2.49,355.2,815.622,21.9157,102.319,1868
2018-03-06,9:00,11.94,47.62,1.38,2.52,351.6,816.133,21.9157,102.319,1868
2018-03-06,10:00,16.2,37.3,1.547,2.68,347.7,816.486,21.9157,102.319,1868
2018-03-06,11:00,20.76,24.82,1.111,3.31,16.2,816.35,21.9157,102.319,1868
2018-03-06,12:00,23.42,20.73,1.812,7.37,218.6,815.842,21.9157,102.319,1868
2018-03-06,13:00,24.77,18.88,3.324,7.67,262.4,815.094,21.9157,102.319,1868
2018-03-06,14:00,25.51,18.77,3.969,9.26,230.4,813.999,21.9157,102.319,1868
2018-03-06,15:00,26.56,17.07,4.032,8.79,224.8,813.018,21.9157,102.319,1868
2018-03-06,16:00,27.04,13.03,4.253,11.54,240.5,812.344,21.9157,102.319,1868
2018-03-06,17:00,27,9.23,4.985,9.96,224.1,812.152,21.9157,102.319,1868
2018-03-06,18:00,26.53,11.27,4.348,10.6,241.7,812.238,21.9157,102.319,1868
2018-03-06,19:00,25.42,13.01,3.67,7.8,265.5,812.726,21.9157,102.319,1868
2018-03-06,20:00,22.86,14.61,2.722,4.93,264.4,813.425,21.9157,102.319,1868
2018-03-06,21:00,20.62,18.84,2.956,5.57,265.3,814.213,21.9157,102.319,1868
2018-03-06,22:00,19.75,18.5,3.185,6.08,276.2,814.798,21.9157,102.319,1868
2018-03-06,23:00,18.17,19.85,2.543,5.86,312.3,815.017,21.9157,102.319,1868
2018-03-07,0:00,18.25,18.37,2.458,5.59,346.7,814.913,21.9157,102.319,1868
2018-03-07,1:00,17.62,19.31,1.885,3.54,331.5,814.965,21.9157,102.319,1868
2018-03-07,2:00,17.21,20.2,2.595,6.37,312.6,814.837,21.9157,102.319,1868
2018-03-07,3:00,14.97,26.24,1.361,3.83,271.7,815.126,21.9157,102.319,1868
2018-03-07,4:00,12.08,34.29,1.455,3.12,334.3,815.342,21.9157,102.319,1868
2018-03-07,5:00,11.27,40.84,1.645,3.85,24.3,815.629,21.9157,102.319,1868
2018-03-07,6:00,10.27,45.82,1.827,2.78,12.8,815.971,21.9157,102.319,1868
2018-03-07,7:00,9.33,47.57,1.542,2.54,6,816.339,21.9157,102.319,1868
2018-03-07,8:00,9.34,53.14,1.459,3.16,15,816.993,21.9157,102.319,1868
2018-03-07,9:00,12.17,54.52,2.479,5.19,24.3,817.767,21.9157,102.319,1868
2018-03-07,10:00,15.25,56.82,2.26,4.34,30,818.217,21.9157,102.319,1868
2018-03-07,11:00,18.76,49.27,1.08,2.49,275.5,818.059,21.9157,102.319,1868
2018-03-07,12:00,21.75,35.37,1.806,3.92,157.6,817.468,21.9157,102.319,1868
2018-03-07,13:00,23.38,22.2,2.048,6.11,255,816.753,21.9157,102.319,1868
2018-03-07,14:00,24.52,21.07,2.38,7.85,199.5,815.677,21.9157,102.319,1868
2018-03-07,15:00,25.23,20.56,2.96,8.19,216.8,814.547,21.9157,102.319,1868
2018-03-07,16:00,26.04,19.29,3.94,9.61,193,813.597,21.9157,102.319,1868
2018-03-07,17:00,26.26,18.45,3.809,8.5,190.4,813.151,21.9157,102.319,1868
2018-03-07,18:00,26.32,17.54,4.023,7.41,191.9,812.901,21.9157,102.319,1868
2018-03-07,19:00,25.26,18.07,2.924,5.34,217.8,813.118,21.9157,102.319,1868
2018-03-07,20:00,23.14,21.19,1.761,3.23,202.7,813.434,21.9157,102.319,1868
2018-03-07,21:00,21.22,24.25,1.413,3.59,237.5,813.952,21.9157,102.319,1868
2018-03-07,22:00,20.88,23.09,1.987,4.01,262.3,814.557,21.9157,102.319,1868
2018-03-07,23:00,16.8,44.98,1.721,4.49,1.1,815.408,21.9157,102.319,1868
2018-03-08,0:00,15.36,55.69,3.276,6.23,26.8,815.697,21.9157,102.319,1868
2018-03-08,1:00,14.37,58.66,2.616,4.75,27.4,816.204,21.9157,102.319,1868
2018-03-08,2:00,13.57,61.79,2.435,4.36,25.2,816.352,21.9157,102.319,1868
2018-03-08,3:00,12.46,66.08,3.038,6.72,34,816.321,21.9157,102.319,1868
2018-03-08,4:00,11.24,69.82,3.79,6.94,34.1,816.418,21.9157,102.319,1868
2018-03-08,5:00,10.27,72.66,3.02,6.06,26.3,816.383,21.9157,102.319,1868
2018-03-08,6:00,9.64,74.62,3.271,5.8,32.9,816.892,21.9157,102.319,1868
2018-03-08,7:00,9.14,76.66,2.609,5.14,31.3,817.251,21.9157,102.319,1868
2018-03-08,8:00,8.91,77.39,1.572,3.74,4.1,817.843,21.9157,102.319,1868
2018-03-08,9:00,10.64,70.14,1.554,2.81,358.5,818.249,21.9157,102.319,1868
2018-03-08,10:00,13.95,59.74,1.02,2.78,334.8,818.293,21.9157,102.319,1868
2018-03-08,11:00,17.37,47.72,1.919,4.97,209.7,817.937,21.9157,102.319,1868
2018-03-08,12:00,20.9,34.5,2.828,5.98,182.1,817.421,21.9157,102.319,1868
2018-03-08,13:00,23.86,24.21,3.558,10.04,233,816.239,21.9157,102.319,1868
2018-03-08,14:00,25.26,18.65,4.214,12.1,261.6,815.273,21.9157,102.319,1868
2018-03-08,15:00,26.15,14.74,4.64,9.28,271.1,814.253,21.9157,102.319,1868
2018-03-08,16:00,26.71,13.22,4.484,9.36,271.9,813.441,21.9157,102.319,1868
2018-03-08,17:00,26.9,14.35,3.923,8.18,262.6,813.001,21.9157,102.319,1868
2018-03-08,18:00,26.76,14.53,4.228,8.55,256.1,812.961,21.9157,102.319,1868
2018-03-08,19:00,25.81,14.59,3.145,8.12,249.5,813.09,21.9157,102.319,1868
2018-03-08,20:00,23.56,14.46,2.948,5.79,265,813.466,21.9157,102.319,1868
2018-03-08,21:00,21.27,16.5,2.828,4.85,271,814.152,21.9157,102.319,1868
2018-03-08,22:00,19.62,20.35,1.948,5.35,225.5,814.824,21.9157,102.319,1868
2018-03-08,23:00,19.58,19.62,1.81,3.69,224.9,815.241,21.9157,102.319,1868
2018-03-09,0:00,18.69,19.94,1.472,3.6,240.2,815.078,21.9157,102.319,1868
2018-03-09,1:00,17.68,23.26,2.093,5.33,227.4,815.285,21.9157,102.319,1868
2018-03-09,2:00,14.62,29.41,2.203,3.6,193.8,815.404,21.9157,102.319,1868
2018-03-09,3:00,13.96,32.74,1.779,3.6,155.5,815.055,21.9157,102.319,1868
2018-03-09,4:00,13.41,35.88,2.266,3.66,185.5,814.778,21.9157,102.319,1868
2018-03-09,5:00,11.9,40.19,1.976,3.19,194.3,814.594,21.9157,102.319,1868
2018-03-09,6:00,10.86,45.19,1.401,2.23,179.8,814.883,21.9157,102.319,1868
2018-03-09,7:00,10.09,48.12,1.293,2.39,204.6,815.391,21.9157,102.319,1868
2018-03-09,8:00,10.42,48.21,1.576,4.08,199.3,815.811,21.9157,102.319,1868
2018-03-09,9:00,13.91,39.32,1.735,3.28,184.6,816.14,21.9157,102.319,1868
2018-03-09,10:00,17.06,29.44,2.183,4.09,189.7,816.216,21.9157,102.319,1868
2018-03-09,11:00,20.26,22.69,3.026,7.21,190,816.036,21.9157,102.319,1868
2018-03-09,12:00,23.2,15.85,3.873,6.8,227.4,815.4,21.9157,102.319,1868
2018-03-09,13:00,24.7,15.87,4.493,8.13,249.3,814.568,21.9157,102.319,1868
2018-03-09,14:00,25.75,15.77,5.894,10.23,249,813.651,21.9157,102.319,1868
2018-03-09,15:00,26.53,13.96,4.972,9.28,247.6,812.946,21.9157,102.319,1868
2018-03-09,16:00,26.79,13.98,5.047,10.21,248.5,812.398,21.9157,102.319,1868
2018-03-09,17:00,27.22,13.25,4.312,9.9,267.1,812.154,21.9157,102.319,1868
2018-03-09,18:00,27.01,13.61,3.47,8.75,241.6,812.194,21.9157,102.319,1868
2018-03-09,19:00,25.71,13.64,3.087,7.55,267.3,812.532,21.9157,102.319,1868
2018-03-09,20:00,23.98,15.08,2.221,4.74,249.5,812.984,21.9157,102.319,1868
2018-03-09,21:00,22.49,17.37,2.166,7.44,243,813.379,21.9157,102.319,1868
2018-03-09,22:00,21.49,19,2.775,7.3,254.3,814.097,21.9157,102.319,1868
2018-03-09,23:00,20.61,20.52,2.156,8.26,238.9,814.643,21.9157,102.319,1868
2018-03-10,0:00,19.98,21.32,2.675,6.64,240.5,814.783,21.9157,102.319,1868
2018-03-10,1:00,18.66,23.52,1.778,3.83,174.1,814.888,21.9157,102.319,1868
2018-03-10,2:00,17.8,25.65,2.469,7.51,204.1,814.792,21.9157,102.319,1868
2018-03-10,3:00,16.88,26.58,3.107,5.38,195.1,814.617,21.9157,102.319,1868
2018-03-10,4:00,14.76,30.18,2.219,4.53,185.2,814.39,21.9157,102.319,1868
2018-03-10,5:00,12.85,35.55,1.566,2.52,205.7,814.393,21.9157,102.319,1868
2018-03-10,6:00,11.62,39.92,1.792,2.77,208.6,814.641,21.9157,102.319,1868
2018-03-10,7:00,11.09,43.29,1.614,2.93,189.4,815.151,21.9157,102.319,1868
2018-03-10,8:00,10.91,45.33,0.709,1.7,280.3,815.843,21.9157,102.319,1868
2018-03-10,9:00,13.7,39.21,0.959,2.18,21.2,816.764,21.9157,102.319,1868
2018-03-10,10:00,16.9,33.83,0.804,2.22,222.4,817.046,21.9157,102.319,1868
2018-03-10,11:00,20,26.73,1.457,4.23,178.7,816.98,21.9157,102.319,1868
2018-03-10,12:00,22.73,18.94,1.425,3.24,52.3,816.428,21.9157,102.319,1868
2018-03-10,13:00,24.92,17.23,1.574,4.11,323.4,815.341,21.9157,102.319,1868
2018-03-10,14:00,25.55,17.45,1.996,4.91,26.7,814.278,21.9157,102.319,1868
2018-03-10,15:00,26.8,16.48,1.851,4.52,96.7,813.188,21.9157,102.319,1868
2018-03-10,16:00,27.54,15.69,1.961,5.1,93.7,812.355,21.9157,102.319,1868
2018-03-10,17:00,28.16,15.38,2.173,5.16,196.7,811.87,21.9157,102.319,1868
2018-03-10,18:00,28.19,14.9,2.467,6.19,237.8,811.766,21.9157,102.319,1868
2018-03-10,19:00,27.16,15.14,2.466,4.05,217,812.157,21.9157,102.319,1868
2018-03-10,20:00,24.67,18.09,1.791,3.11,213.7,812.512,21.9157,102.319,1868
2018-03-10,21:00,22.48,21.28,1.193,2.88,291.5,812.967,21.9157,102.319,1868
2018-03-10,22:00,21.25,22.45,1.14,3.49,290.7,813.083,21.9157,102.319,1868
2018-03-10,23:00,21.07,21.79,1.882,3.89,212.1,813.246,21.9157,102.319,1868
2018-03-11,0:00,20.72,21.69,2.147,5.92,177.6,813.718,21.9157,102.319,1868
2018-03-11,1:00,19.69,23.2,1.179,2.85,321.7,814.251,21.9157,102.319,1868
2018-03-11,2:00,18.33,25.66,1.684,3.67,267.9,814.223,21.9157,102.319,1868
2018-03-11,3:00,15.74,32.8,1.218,2.75,276.5,814.178,21.9157,102.319,1868
2018-03-11,4:00,13.85,40.17,1.31,1.98,36.8,814.198,21.9157,102.319,1868
2018-03-11,5:00,12.27,46.69,1.094,3.08,0.6,814.204,21.9157,102.319,1868
2018-03-11,6:00,10.15,51.2,1.207,2.61,342.1,814.939,21.9157,102.319,1868
2018-03-11,7:00,10.25,49.24,1.609,2.66,14.5,815.62,21.9157,102.319,1868
2018-03-11,8:00,9.93,51.11,1.582,2.58,352.6,816.165,21.9157,102.319,1868
2018-03-11,9:00,13.24,42.09,1.119,2.5,18.1,816.791,21.9157,102.319,1868
2018-03-11,10:00,18.08,32.77,0.86,1.84,284.8,817.089,21.9157,102.319,1868
2018-03-11,11:00,21.63,24.74,0.983,2.56,48.8,817.006,21.9157,102.319,1868
2018-03-11,12:00,24.31,19.55,1.117,2.87,46.7,816.582,21.9157,102.319,1868
2018-03-11,13:00,26.69,15.81,1.679,4.56,181,815.62,21.9157,102.319,1868
2018-03-11,14:00,27.98,14.14,2.687,7.06,182.7,814.398,21.9157,102.319,1868
2018-03-11,15:00,28.98,13.23,3.298,7.42,184,813.421,21.9157,102.319,1868
2018-03-11,16:00,29.86,12.43,3.001,7.55,183.4,812.624,21.9157,102.319,1868
2018-03-11,17:00,30.18,12.09,2.68,7.12,179.4,812.291,21.9157,102.319,1868
2018-03-11,18:00,30.16,10.43,3.253,6.81,229.8,812.34,21.9157,102.319,1868
2018-03-11,19:00,29.32,11.79,2.644,4.64,205.8,812.661,21.9157,102.319,1868
2018-03-11,20:00,26.53,15.43,1.764,3.1,205.3,813.178,21.9157,102.319,1868
2018-03-11,21:00,24.02,18.54,0.843,1.54,256.2,813.758,21.9157,102.319,1868
2018-03-11,22:00,22.05,21.31,1.247,2.62,224.3,814.347,21.9157,102.319,1868
2018-03-11,23:00,20.41,24.34,1.081,2.2,235.9,814.632,21.9157,102.319,1868
2018-03-12,0:00,19.68,25.55,1.723,2.42,175.6,814.611,21.9157,102.319,1868
2018-03-12,1:00,19.04,26.39,1.079,2.2,127.4,814.4,21.9157,102.319,1868
2018-03-12,2:00,19.39,24.98,2.433,5.79,89.9,814.67,21.9157,102.319,1868
2018-03-12,3:00,16.16,34.08,1.315,3.36,12,814.915,21.9157,102.319,1868
2018-03-12,4:00,15.57,42.71,0.892,1.83,31.6,815.061,21.9157,102.319,1868
2018-03-12,5:00,14.31,46.75,1.427,2.79,7.9,815.127,21.9157,102.319,1868
2018-03-12,6:00,13.64,52.41,1.324,2.32,354.8,815.412,21.9157,102.319,1868
2018-03-12,7:00,13.18,58.67,1.921,2.92,22.5,816.135,21.9157,102.319,1868
2018-03-12,8:00,12.93,63.94,0.89,2.05,2.4,816.722,21.9157,102.319,1868
2018-03-12,9:00,15.53,62.19,1.229,2.33,343,817.205,21.9157,102.319,1868
2018-03-12,10:00,18.65,53.88,1.177,2.84,258.1,817.579,21.9157,102.319,1868
2018-03-12,11:00,20.68,44.35,2.467,6.39,212.9,817.247,21.9157,102.319,1868
2018-03-12,12:00,22.85,38.78,3.209,7.25,208.5,816.513,21.9157,102.319,1868
2018-03-12,13:00,24.93,31.11,3.724,9.12,203.2,815.661,21.9157,102.319,1868
2018-03-12,14:00,26.55,25.13,3.687,8.78,210.9,814.496,21.9157,102.319,1868
2018-03-12,15:00,28.12,20.37,3.323,8.54,232.6,813.404,21.9157,102.319,1868
2018-03-12,16:00,29.1,17.27,3.592,8.59,209.5,812.376,21.9157,102.319,1868
2018-03-12,17:00,29.48,12.94,4.873,9.76,263,811.933,21.9157,102.319,1868
2018-03-12,18:00,29.37,12.58,4.706,9.17,259.5,811.836,21.9157,102.319,1868
2018-03-12,19:00,28.21,12.74,3.704,7.72,243.2,812.069,21.9157,102.319,1868
2018-03-12,20:00,26.31,14.42,2.981,6.38,252.5,812.619,21.9157,102.319,1868
2018-03-12,21:00,23.88,16.34,3.342,6.13,277.5,813.437,21.9157,102.319,1868
2018-03-12,22:00,21.83,18.88,2.852,5.18,284.4,814.254,21.9157,102.319,1868
2018-03-12,23:00,18.62,39.22,3.727,6.94,24.9,815.211,21.9157,102.319,1868
2018-03-13,0:00,15.68,54.45,3.604,6.47,33.8,815.829,21.9157,102.319,1868
2018-03-13,1:00,14.23,61.2,3.637,7.39,36.3,816.266,21.9157,102.319,1868
2018-03-13,2:00,12.92,65.14,2.672,6.06,22.9,815.843,21.9157,102.319,1868
2018-03-13,3:00,11.81,69.9,3.494,7,26.1,815.415,21.9157,102.319,1868
2018-03-13,4:00,10.69,73.63,4.019,9.14,34.9,815.196,21.9157,102.319,1868
2018-03-13,5:00,10.13,75.95,3.039,6.08,33,815.054,21.9157,102.319,1868
2018-03-13,6:00,9.57,78.63,1.805,5.16,25.3,815.323,21.9157,102.319,1868
2018-03-13,7:00,8.39,82.66,1.443,2.76,342.7,815.797,21.9157,102.319,1868
2018-03-13,8:00,8.51,80.37,1.52,3.36,10.1,816.599,21.9157,102.319,1868
2018-03-13,9:00,11.3,69.9,1.321,2.44,355,817.018,21.9157,102.319,1868
2018-03-13,10:00,14.71,56.22,1.299,2.97,310.6,817.331,21.9157,102.319,1868
2018-03-13,11:00,18.29,40.69,2.802,5.92,175.6,817.21,21.9157,102.319,1868
2018-03-13,12:00,22.44,28.07,3.875,8.08,183.6,816.428,21.9157,102.319,1868
2018-03-13,13:00,25.11,19.02,4.43,9.53,237.3,815.555,21.9157,102.319,1868
2018-03-13,14:00,26.53,13.12,4.715,10.14,266.3,814.394,21.9157,102.319,1868
2018-03-13,15:00,27.68,12.35,4.583,8.34,269.4,813.501,21.9157,102.319,1868
2018-03-13,16:00,28.37,13,4.309,10.06,259.6,812.868,21.9157,102.319,1868
2018-03-13,17:00,28.77,13.26,3.955,8.8,266.6,812.536,21.9157,102.319,1868
2018-03-13,18:00,28.82,11.96,3.295,8.07,261.9,812.441,21.9157,102.319,1868
2018-03-13,19:00,27.54,13.35,3.534,7.66,280.4,812.612,21.9157,102.319,1868
2018-03-13,20:00,24.92,16.47,2.156,4.26,265.2,812.969,21.9157,102.319,1868
2018-03-13,21:00,22.79,19.49,1.655,4.91,254.4,813.61,21.9157,102.319,1868
2018-03-13,22:00,21.13,21.78,1.717,3.59,205.6,814.572,21.9157,102.319,1868
2018-03-13,23:00,21.11,21.52,2.092,4.08,200.6,815.281,21.9157,102.319,1868
2018-03-14,0:00,20.31,21.23,2.321,7.8,223.9,815.347,21.9157,102.319,1868
2018-03-14,1:00,19.2,23.26,2.84,7.1,201.5,815.885,21.9157,102.319,1868
2018-03-14,2:00,16.69,29.67,1.396,2.69,196.6,816.29,21.9157,102.319,1868
2018-03-14,3:00,14.71,36.14,1.703,3.94,317.2,816.236,21.9157,102.319,1868
2018-03-14,4:00,13.38,48.6,2.308,5.54,34.5,816.318,21.9157,102.319,1868
2018-03-14,5:00,12.24,58.28,2.947,5.57,35.5,816.316,21.9157,102.319,1868
2018-03-14,6:00,11,63.79,2.715,5.15,25.8,816.664,21.9157,102.319,1868
2018-03-14,7:00,9.73,69.58,3.413,6.51,25.2,817.317,21.9157,102.319,1868
2018-03-14,8:00,9.64,72.24,3.32,6.52,28,817.986,21.9157,102.319,1868
2018-03-14,9:00,11.51,65.69,3.102,6.08,39,818.5,21.9157,102.319,1868
2018-03-14,10:00,14.68,53.19,1.474,3.64,33.8,818.809,21.9157,102.319,1868
2018-03-14,11:00,18.04,40.53,1.296,3.57,157.3,818.64,21.9157,102.319,1868
2018-03-14,12:00,20.28,33.29,1.712,5.46,195.6,818.091,21.9157,102.319,1868
2018-03-14,13:00,22.93,27.13,2.803,7.18,192.6,817.075,21.9157,102.319,1868
2018-03-14,14:00,24.76,22.96,3.484,7.17,189.7,815.997,21.9157,102.319,1868
2018-03-14,15:00,25.95,20.62,3.877,8.08,183.4,814.942,21.9157,102.319,1868
2018-03-14,16:00,26.78,20.46,3.992,9.35,210.1,814.14,21.9157,102.319,1868
2018-03-14,17:00,27.66,14.98,3.433,10.18,260,813.679,21.9157,102.319,1868
2018-03-14,18:00,27.34,14.39,4.942,11.05,268.6,813.488,21.9157,102.319,1868
2018-03-14,19:00,26.22,14.22,4.402,8.52,266.7,813.776,21.9157,102.319,1868
2018-03-14,20:00,24.48,13.85,4.293,9.87,253.8,814.415,21.9157,102.319,1868
2018-03-14,21:00,23.13,14.25,4.857,9.26,254.5,815.211,21.9157,102.319,1868
2018-03-14,22:00,20.45,16.3,3.359,6.17,260.7,815.899,21.9157,102.319,1868
2018-03-14,23:00,19.29,18.09,3.833,8.01,271.9,816.238,21.9157,102.319,1868
2018-03-15,0:00,18.06,22.45,3.839,7.32,279.3,816.219,21.9157,102.319,1868
2018-03-15,1:00,17.61,23.44,2.785,8.69,213.1,816.466,21.9157,102.319,1868
2018-03-15,2:00,16.41,27.01,2.95,6.8,218.5,816.753,21.9157,102.319,1868
2018-03-15,3:00,16.15,30.89,2.881,5.74,248.1,816.417,21.9157,102.319,1868
2018-03-15,4:00,14.24,34.79,1.754,4.17,177,816.271,21.9157,102.319,1868
2018-03-15,5:00,12.68,38.71,1.222,4.17,238.8,816.228,21.9157,102.319,1868
2018-03-15,6:00,10.66,44.97,0.913,1.97,217.5,816.571,21.9157,102.319,1868
2018-03-15,7:00,9.57,49.16,1.121,2.1,194.6,817.181,21.9157,102.319,1868
2018-03-15,8:00,9.97,50.51,1.138,2.03,195.4,817.776,21.9157,102.319,1868
2018-03-15,9:00,12.07,49.83,2.028,3.29,200.4,818.267,21.9157,102.319,1868
2018-03-15,10:00,15.89,35.2,1.887,4.74,187.7,818.437,21.9157,102.319,1868
2018-03-15,11:00,18.64,22.54,2.974,6.31,197.9,818.214,21.9157,102.319,1868
2018-03-15,12:00,20.59,16.67,2.983,6.66,185.2,817.731,21.9157,102.319,1868
2018-03-15,13:00,22.93,13.6,2.826,6.38,223.7,816.692,21.9157,102.319,1868
2018-03-15,14:00,24.81,8.85,4.455,9.76,255.4,815.529,21.9157,102.319,1868
2018-03-15,15:00,25.2,9.5,5.863,13.72,263.4,814.826,21.9157,102.319,1868
2018-03-15,16:00,25.49,10.08,6.486,12.27,260.9,814.067,21.9157,102.319,1868
2018-03-15,17:00,25.83,10.9,5.828,11.15,258.9,813.566,21.9157,102.319,1868
2018-03-15,18:00,25.68,11.28,5.755,11.28,254.7,813.58,21.9157,102.319,1868
2018-03-15,19:00,24.34,12.06,5.185,10.97,265.4,814.135,21.9157,102.319,1868
2018-03-15,20:00,22.57,11.88,4.418,8.26,258.1,814.761,21.9157,102.319,1868
2018-03-15,21:00,20.58,14.33,2.71,5.75,264.6,815.5,21.9157,102.319,1868
2018-03-15,22:00,18.53,17.82,3.101,5.82,278.5,815.982,21.9157,102.319,1868
2018-03-15,23:00,17.05,22.27,2.674,5.2,255.7,816.191,21.9157,102.319,1868
2018-03-16,0:00,15.75,26.26,1.586,4.84,281.1,815.983,21.9157,102.319,1868
2018-03-16,1:00,14.66,29.06,1.584,3.66,189,815.955,21.9157,102.319,1868
2018-03-16,2:00,15.31,26.44,2.125,4.45,199.9,815.84,21.9157,102.319,1868
2018-03-16,3:00,14.58,28.49,2.358,4.1,158.1,815.512,21.9157,102.319,1868
2018-03-16,4:00,13.31,31.22,1.4,2.72,186.2,815.426,21.9157,102.319,1868
2018-03-16,5:00,11.73,35.2,1.394,2.88,192.2,815.533,21.9157,102.319,1868
2018-03-16,6:00,10.3,38.25,1.253,2.37,205.4,815.888,21.9157,102.319,1868
2018-03-16,7:00,8.34,45.4,1.242,2.74,3.4,816.456,21.9157,102.319,1868
2018-03-16,8:00,8.62,43.68,1.213,2.24,16.4,817.254,21.9157,102.319,1868
2018-03-16,9:00,11.58,37.85,1.008,1.94,333.2,817.892,21.9157,102.319,1868
2018-03-16,10:00,15.8,29.93,1.31,4.34,218.1,817.965,21.9157,102.319,1868
2018-03-16,11:00,19.61,19.9,2.8,6.8,199.6,817.542,21.9157,102.319,1868
2018-03-16,12:00,22.34,14.68,3.785,7.91,198.2,816.998,21.9157,102.319,1868
2018-03-16,13:00,23.76,11.52,4.69,9.63,243.6,816.355,21.9157,102.319,1868
2018-03-16,14:00,24.99,9.18,5.167,14.39,281.2,815.356,21.9157,102.319,1868
2018-03-16,15:00,25.59,8.35,5.405,12.4,282.4,814.532,21.9157,102.319,1868
2018-03-16,16:00,25.85,8.69,5.039,11.12,276.3,813.779,21.9157,102.319,1868
2018-03-16,17:00,26.18,9.05,4.898,9.49,275.4,813.362,21.9157,102.319,1868
2018-03-16,18:00,26.06,8.84,4.221,9.58,269.8,813.361,21.9157,102.319,1868
2018-03-16,19:00,24.92,9.36,3.861,7.77,270.4,813.76,21.9157,102.319,1868
2018-03-16,20:00,22.43,11.43,2.429,5.01,266.4,814.385,21.9157,102.319,1868
2018-03-16,21:00,20.61,13.38,2.082,4.74,253.2,815.187,21.9157,102.319,1868
2018-03-16,22:00,19.08,16.16,1.847,5.09,264.5,816.008,21.9157,102.319,1868
2018-03-16,23:00,18.28,17.61,2.242,4.8,354.3,816.514,21.9157,102.319,1868
2018-03-17,0:00,17.96,17.24,1.844,3.9,337.4,816.751,21.9157,102.319,1868
2018-03-17,1:00,16.77,18.95,0.911,2.23,133.4,816.952,21.9157,102.319,1868
2018-03-17,2:00,15.28,22.9,1.668,3.64,200.3,816.636,21.9157,102.319,1868
2018-03-17,3:00,13.05,27.6,1.363,2.23,222.2,816.287,21.9157,102.319,1868
2018-03-17,4:00,11.47,30.63,0.387,1.61,220.9,816.132,21.9157,102.319,1868
2018-03-17,5:00,9.91,40.47,0.968,2.41,351.5,816.111,21.9157,102.319,1868
2018-03-17,6:00,8.4,40.12,1.511,2.65,7,816.184,21.9157,102.319,1868
2018-03-17,7:00,7.54,40.46,1.434,2.56,6.8,816.899,21.9157,102.319,1868
2018-03-17,8:00,7.11,42.99,1.34,2.99,349.7,817.52,21.9157,102.319,1868
2018-03-17,9:00,11.37,32.56,1.17,3.08,11.9,818.23,21.9157,102.319,1868
2018-03-17,10:00,16.49,25.9,1.291,4.3,236.4,818.416,21.9157,102.319,1868
2018-03-17,11:00,20.16,17.43,1.717,3.74,154.5,818.143,21.9157,102.319,1868
2018-03-17,12:00,22.1,14.87,2.516,5.96,158.3,817.695,21.9157,102.319,1868
2018-03-17,13:00,23.77,13.13,3.038,6.57,201,816.809,21.9157,102.319,1868
2018-03-17,14:00,25.38,11.65,2.639,8.01,205.4,815.655,21.9157,102.319,1868
2018-03-17,15:00,26.39,9.4,3.435,10.18,222.4,814.458,21.9157,102.319,1868
2018-03-17,16:00,26.99,7.79,3.084,8.92,265,813.539,21.9157,102.319,1868
2018-03-17,17:00,26.95,7.13,4.311,8.83,245.1,813.181,21.9157,102.319,1868
2018-03-17,18:00,26.64,7.36,4.845,9.35,227.2,813.182,21.9157,102.319,1868
2018-03-17,19:00,25.61,8.02,3.638,8.12,234.8,813.366,21.9157,102.319,1868
2018-03-17,20:00,22.89,9.84,3.116,5.33,209.5,813.957,21.9157,102.319,1868
2018-03-17,21:00,21.49,11.3,2.887,4.91,224.9,814.648,21.9157,102.319,1868
2018-03-17,22:00,20,13.01,2.556,5.03,283.1,815.197,21.9157,102.319,1868
2018-03-17,23:00,18.46,14.84,1.45,4.64,280.3,815.627,21.9157,102.319,1868
2018-03-18,0:00,17.44,18.35,0.869,1.73,31.8,815.721,21.9157,102.319,1868
2018-03-18,1:00,16.12,21.49,1.995,5.09,145,816.115,21.9157,102.319,1868
2018-03-18,2:00,14.49,22.21,1.72,3.24,159.5,816.126,21.9157,102.319,1868
2018-03-18,3:00,14.42,23.14,1.842,3,161,816.009,21.9157,102.319,1868
2018-03-18,4:00,12.82,27.35,1.108,1.66,211.9,815.945,21.9157,102.319,1868
2018-03-18,5:00,12.37,30.5,1.199,2.12,152.1,816.025,21.9157,102.319,1868
2018-03-18,6:00,10,37.41,1.757,3.22,10.8,816.315,21.9157,102.319,1868
2018-03-18,7:00,8.82,39.23,1.34,2.23,350.8,816.55,21.9157,102.319,1868
2018-03-18,8:00,9.6,36.88,1.606,3.16,5.9,817.178,21.9157,102.319,1868
2018-03-18,9:00,13.37,31.74,0.716,1.65,328,817.611,21.9157,102.319,1868
2018-03-18,10:00,17.64,28.01,0.519,1.49,252.7,817.587,21.9157,102.319,1868
2018-03-18,11:00,20.88,22.46,1.308,3.22,147.2,817.296,21.9157,102.319,1868
2018-03-18,12:00,23.08,17.13,2.594,6.07,129.4,816.615,21.9157,102.319,1868
2018-03-18,13:00,24.42,12.2,4.41,9.49,251.4,815.847,21.9157,102.319,1868
2018-03-18,14:00,24.96,13.42,3.543,8.41,232.7,814.972,21.9157,102.319,1868
2018-03-18,15:00,26.14,11.38,4.333,10.62,254.6,813.919,21.9157,102.319,1868
2018-03-18,16:00,26.68,11.05,4.79,10.05,255.4,813.35,21.9157,102.319,1868
2018-03-18,17:00,26.63,11.43,5.567,11.69,259,813.168,21.9157,102.319,1868
2018-03-18,18:00,26.34,11.96,4.726,9.52,252.9,813.128,21.9157,102.319,1868
2018-03-18,19:00,25.34,11.99,3.763,7.8,264.3,813.152,21.9157,102.319,1868
2018-03-18,20:00,23.36,14.19,3.16,6.6,266.7,813.62,21.9157,102.319,1868
2018-03-18,21:00,21.27,16.61,3.009,6.04,270.8,814.298,21.9157,102.319,1868
2018-03-18,22:00,20.16,17.39,2.63,6.4,271.6,814.895,21.9157,102.319,1868
2018-03-18,23:00,19.46,18.22,2.54,6.38,307.9,815.172,21.9157,102.319,1868
2018-03-19,0:00,18.39,19.93,1.549,5.06,354.7,815.199,21.9157,102.319,1868
2018-03-19,1:00,17.91,21.01,1.345,4.09,23.8,815.119,21.9157,102.319,1868
2018-03-19,2:00,16.77,23.43,1.378,3.12,13.1,815.081,21.9157,102.319,1868
2018-03-19,3:00,14.27,29.6,1.234,2.89,244.7,814.777,21.9157,102.319,1868
2018-03-19,4:00,12.95,32.14,0.993,1.93,237.6,814.374,21.9157,102.319,1868
2018-03-19,5:00,11.57,37.06,0.734,1.53,274.8,814.058,21.9157,102.319,1868
2018-03-19,6:00,10.36,44.22,1.269,2.36,15.4,814.15,21.9157,102.319,1868
2018-03-19,7:00,8.21,48.15,1.354,2.48,356.5,814.632,21.9157,102.319,1868
2018-03-19,8:00,8.04,45.08,1.707,3.87,12.3,815.195,21.9157,102.319,1868
2018-03-19,9:00,11.64,36.68,1.931,3.57,21.5,815.652,21.9157,102.319,1868
2018-03-19,10:00,16.43,27.8,1.223,2.38,355.1,815.508,21.9157,102.319,1868
2018-03-19,11:00,20.47,21.42,0.865,2.93,241.8,815.153,21.9157,102.319,1868
2018-03-19,12:00,23.7,14.99,2.099,6.33,199.4,814.597,21.9157,102.319,1868
2018-03-19,13:00,25.67,10.68,3.046,7.68,249.1,813.999,21.9157,102.319,1868
2018-03-19,14:00,26.59,8.42,4.938,10.3,268.7,813.083,21.9157,102.319,1868
2018-03-19,15:00,27.23,7.91,5.483,10.97,261.8,812.2,21.9157,102.319,1868
2018-03-19,16:00,27.68,8.42,5.378,11.14,269.2,811.511,21.9157,102.319,1868
2018-03-19,17:00,27.97,8.91,5.082,11.74,266.1,811.072,21.9157,102.319,1868
2018-03-19,18:00,27.63,8.68,4.222,8.46,248.5,810.914,21.9157,102.319,1868
2018-03-19,19:00,26.63,8.46,4.21,7.46,265.9,811.053,21.9157,102.319,1868
2018-03-19,20:00,23.85,10.41,3.562,7.7,271.8,811.574,21.9157,102.319,1868
2018-03-19,21:00,21.43,13.35,3.101,6.08,279.8,812.322,21.9157,102.319,1868
2018-03-19,22:00,20.05,15.2,3.082,5.33,281.6,812.931,21.9157,102.319,1868
2018-03-19,23:00,18.91,16.97,2.857,5.69,274.1,813.251,21.9157,102.319,1868
2018-03-20,0:00,18.79,17.1,1.974,5.41,253.6,813.342,21.9157,102.319,1868
2018-03-20,1:00,18.89,17.11,1.459,4.23,276.8,813.453,21.9157,102.319,1868
2018-03-20,2:00,15.95,22.98,1.85,3.58,12.2,813.608,21.9157,102.319,1868
2018-03-20,3:00,12.56,26.74,1.57,2.79,38.2,813.69,21.9157,102.319,1868
2018-03-20,4:00,10.8,31.71,0.994,2.38,350.8,813.757,21.9157,102.319,1868
2018-03-20,5:00,9.73,34.08,1.729,3.92,350.1,813.717,21.9157,102.319,1868
2018-03-20,6:00,8.68,36.01,2.208,4.09,16.8,814.024,21.9157,102.319,1868
2018-03-20,7:00,8.34,36.39,2.088,3.88,11,814.468,21.9157,102.319,1868
2018-03-20,8:00,8.08,38.42,1.904,3.38,359.1,814.78,21.9157,102.319,1868
2018-03-20,9:00,11.25,32.43,1.644,2.88,352.2,815.193,21.9157,102.319,1868
2018-03-20,10:00,16.52,23.67,2.12,4.69,4.1,815.36,21.9157,102.319,1868
2018-03-20,11:00,20.92,16.63,1.895,4.16,23.4,815.161,21.9157,102.319,1868
2018-03-20,12:00,24.22,14.74,1.467,3.83,220.5,814.775,21.9157,102.319,1868
2018-03-20,13:00,25.63,12.3,2.18,5.24,185.1,814.022,21.9157,102.319,1868
2018-03-20,14:00,27.05,10.21,2.885,9.5,188.1,813.01,21.9157,102.319,1868
2018-03-20,15:00,27.91,9.16,3.464,7.84,177.4,812.097,21.9157,102.319,1868
2018-03-20,16:00,28.85,7.94,3.338,8.69,172.8,811.355,21.9157,102.319,1868
2018-03-20,17:00,29.05,8.68,3.088,7.24,181.7,810.861,21.9157,102.319,1868
2018-03-20,18:00,28.9,8.69,3.138,8.62,193.6,810.747,21.9157,102.319,1868
2018-03-20,19:00,28.32,8.88,1.578,6.02,235.1,811.061,21.9157,102.319,1868
2018-03-20,20:00,25.07,12.59,0.989,2.96,220.7,811.609,21.9157,102.319,1868
2018-03-20,21:00,22.59,13.12,0.935,2.23,221.4,812.134,21.9157,102.319,1868
2018-03-20,22:00,20.62,15.14,1.489,3.98,332.4,812.815,21.9157,102.319,1868
2018-03-20,23:00,18.79,37.96,1.981,3.86,1.3,813.83,21.9157,102.319,1868
2018-03-21,0:00,17.33,52.92,2.684,5.14,15.4,814.311,21.9157,102.319,1868
2018-03-21,1:00,16.44,54.78,2.483,5.17,38.2,814.792,21.9157,102.319,1868
2018-03-21,2:00,15.19,58.45,2.142,4.06,21.5,814.917,21.9157,102.319,1868
2018-03-21,3:00,13.68,62.61,2.436,4.29,25.3,814.958,21.9157,102.319,1868
2018-03-21,4:00,13.16,65.31,2.591,4.95,32.1,814.831,21.9157,102.319,1868
2018-03-21,5:00,12.2,69.7,2.509,5.34,23.2,815.159,21.9157,102.319,1868
2018-03-21,6:00,11.1,70.63,2.489,5.38,19.5,815.653,21.9157,102.319,1868
2018-03-21,7:00,10.58,72.95,2.333,6.27,33,816.127,21.9157,102.319,1868
2018-03-21,8:00,10.78,72.58,2.054,4.5,23.7,816.811,21.9157,102.319,1868
2018-03-21,9:00,12.87,66.3,2.549,4.67,22.9,817.413,21.9157,102.319,1868
2018-03-21,10:00,16.21,56.3,1.594,3.67,15.8,817.755,21.9157,102.319,1868
2018-03-21,11:00,19.53,44.62,1.857,5.03,205.6,817.697,21.9157,102.319,1868
2018-03-21,12:00,22.56,32.33,2.274,4.9,195.5,817.191,21.9157,102.319,1868
2018-03-21,13:00,25.45,21.85,3.481,8.68,203,816.471,21.9157,102.319,1868
2018-03-21,14:00,27.38,16.89,3.091,8.19,203.7,815.557,21.9157,102.319,1868
2018-03-21,15:00,28.41,14.21,2.917,6.38,196.4,814.729,21.9157,102.319,1868
2018-03-21,16:00,29.39,8.38,3.3,9.74,270.6,814.059,21.9157,102.319,1868
2018-03-21,17:00,29.76,6.63,3.299,8.1,290.1,813.782,21.9157,102.319,1868
2018-03-21,18:00,29.81,7.13,2.322,5.81,282.1,813.804,21.9157,102.319,1868
2018-03-21,19:00,28.66,8.02,1.812,5.62,252.9,814.061,21.9157,102.319,1868
2018-03-21,20:00,25.35,11.54,1.253,3.59,225.2,814.554,21.9157,102.319,1868
2018-03-21,21:00,23.13,13.61,1.432,2.98,250.6,815.254,21.9157,102.319,1868
2018-03-21,22:00,22.09,15.09,1.286,3.23,181.9,816.07,21.9157,102.319,1868
2018-03-21,23:00,20.49,18.13,1.352,3.66,264.4,816.703,21.9157,102.319,1868
2018-03-22,0:00,18.47,21.85,2.083,3.77,0.3,817.324,21.9157,102.319,1868
2018-03-22,1:00,15.99,33.8,1.693,3.6,7.9,817.866,21.9157,102.319,1868
2018-03-22,2:00,14.95,46.29,2.15,5.26,14.7,818.139,21.9157,102.319,1868
2018-03-22,3:00,14.23,60.08,3.381,6.24,30.1,818.337,21.9157,102.319,1868
2018-03-22,4:00,13.83,66.39,3.073,5.66,28.3,818.557,21.9157,102.319,1868
2018-03-22,5:00,12.6,67.27,2.948,5.88,23.5,818.864,21.9157,102.319,1868
2018-03-22,6:00,11.75,74.09,2.768,5.61,33.5,819.291,21.9157,102.319,1868
2018-03-22,7:00,11.35,77.68,3.008,5.5,41.9,819.732,21.9157,102.319,1868
2018-03-22,8:00,11.59,78.01,3.574,7.17,36.2,820.382,21.9157,102.319,1868
2018-03-22,9:00,13.12,70.45,3.312,6.17,33.6,821.171,21.9157,102.319,1868
2018-03-22,10:00,15.97,59.02,2.623,5.63,34.8,821.447,21.9157,102.319,1868
2018-03-22,11:00,20.02,43.05,1.204,2.9,307.8,821.066,21.9157,102.319,1868
2018-03-22,12:00,22.98,26.46,1.368,2.94,290.5,820.684,21.9157,102.319,1868
2018-03-22,13:00,25.78,18.92,1.683,5.26,19.9,819.96,21.9157,102.319,1868
2018-03-22,14:00,27.39,16.76,2.556,5.57,9,818.868,21.9157,102.319,1868
2018-03-22,15:00,28.54,14.3,2.42,6.7,42.5,817.712,21.9157,102.319,1868
2018-03-22,16:00,29.45,10.87,2.665,7.28,359.1,816.901,21.9157,102.319,1868
2018-03-22,17:00,29.63,9.41,2.987,7.89,45.7,816.404,21.9157,102.319,1868
2018-03-22,18:00,29.43,10.06,2.637,6.3,44,816.198,21.9157,102.319,1868
2018-03-22,19:00,28.54,10.51,3.904,7.37,61.2,816.352,21.9157,102.319,1868
2018-03-22,20:00,26.68,13.02,4.006,8.31,71.1,816.995,21.9157,102.319,1868
2018-03-22,21:00,24.5,22.97,4.986,8.78,87.9,817.716,21.9157,102.319,1868
2018-03-22,22:00,22.54,27.8,3.783,7.78,79.8,818.466,21.9157,102.319,1868
2018-03-22,23:00,20.58,32.76,1.432,5.11,15,819.146,21.9157,102.319,1868
2018-03-23,0:00,19.04,40.56,2.391,5.1,8.4,819.396,21.9157,102.319,1868
2018-03-23,1:00,18.07,41.48,1.803,3.23,4.4,819.548,21.9157,102.319,1868
2018-03-23,2:00,16.59,43.72,1.579,3.21,7.3,819.451,21.9157,102.319,1868
2018-03-23,3:00,15.05,47.75,1.099,2.75,352,819.266,21.9157,102.319,1868
2018-03-23,4:00,14.95,52.01,2.587,4.55,33.5,819.209,21.9157,102.319,1868
2018-03-23,5:00,14.19,58.36,2.63,4.72,36.1,819.419,21.9157,102.319,1868
2018-03-23,6:00,12.65,65.8,2.459,4.7,24.7,819.683,21.9157,102.319,1868
2018-03-23,7:00,11.81,68.93,2.425,4.37,27.6,820.178,21.9157,102.319,1868
2018-03-23,8:00,11.71,65.31,2.192,4.54,22.5,820.663,21.9157,102.319,1868
2018-03-23,9:00,13.91,62.72,2.746,4.98,30.7,820.985,21.9157,102.319,1868
2018-03-23,10:00,16.99,53.53,2.215,4.67,43.8,821.175,21.9157,102.319,1868
2018-03-23,11:00,20.73,37.49,1.298,2.82,49.6,820.983,21.9157,102.319,1868
2018-03-23,12:00,23.5,30.27,1.463,4.08,233.7,820.389,21.9157,102.319,1868
2018-03-23,13:00,25.72,18.98,2.118,5.09,205.3,819.328,21.9157,102.319,1868
2018-03-23,14:00,27.6,15.65,1.849,5.28,267.8,818.218,21.9157,102.319,1868
2018-03-23,15:00,28.67,12.11,2.234,5.73,285.8,817.168,21.9157,102.319,1868
2018-03-23,16:00,29.25,11.41,2.063,4.21,238.7,816.14,21.9157,102.319,1868
2018-03-23,17:00,29.67,11.07,1.867,5.01,297.7,815.522,21.9157,102.319,1868
2018-03-23,18:00,29.37,10.82,2.039,4.62,228.7,815.3,21.9157,102.319,1868
2018-03-23,19:00,28.43,11.39,1.46,3.34,294.8,815.155,21.9157,102.319,1868
2018-03-23,20:00,25.65,14.21,0.761,1.99,296.4,815.343,21.9157,102.319,1868
2018-03-23,21:00,23.12,17.28,1.171,2.52,281.8,815.718,21.9157,102.319,1868
2018-03-23,22:00,23.91,14.89,2.088,4.81,91.6,816.42,21.9157,102.319,1868
2018-03-23,23:00,23.19,16.92,1.872,5.09,121.5,816.993,21.9157,102.319,1868
2018-03-24,0:00,20.38,23.54,1.743,4.27,279.9,817.334,21.9157,102.319,1868
2018-03-24,1:00,19.39,26.11,1.022,2.96,88.1,817.44,21.9157,102.319,1868
2018-03-24,2:00,17.05,31.62,1.546,2.56,347.2,817.348,21.9157,102.319,1868
2018-03-24,3:00,15.62,36.62,1.108,2.66,10.9,817.125,21.9157,102.319,1868
2018-03-24,4:00,13.85,42.26,1.267,2.61,344.8,816.897,21.9157,102.319,1868
2018-03-24,5:00,13.12,43.88,1.487,2.42,10.6,817.089,21.9157,102.319,1868
2018-03-24,6:00,12.96,44.41,1.722,2.64,20.8,817.362,21.9157,102.319,1868
2018-03-24,7:00,11.43,49.85,1.229,2.29,351.6,817.667,21.9157,102.319,1868
2018-03-24,8:00,12,48.06,1.478,2.98,12,818.135,21.9157,102.319,1868
2018-03-24,9:00,14.92,40.64,1.6,3.07,28.1,818.608,21.9157,102.319,1868
2018-03-24,10:00,20.14,31.77,0.957,2.91,90.4,818.643,21.9157,102.319,1868
2018-03-24,11:00,22.55,29.32,1.405,3.34,159.9,818.436,21.9157,102.319,1868
2018-03-24,12:00,25.49,23.81,1.374,3.33,116.8,817.937,21.9157,102.319,1868
2018-03-24,13:00,26.98,16.59,2.362,5.47,4.9,816.997,21.9157,102.319,1868
2018-03-24,14:00,28.24,14.1,2.242,6.4,357.6,815.882,21.9157,102.319,1868
2018-03-24,15:00,29.17,13.07,2.361,5.21,298.9,814.802,21.9157,102.319,1868
2018-03-24,16:00,29.48,12.43,2.088,5.7,240,813.919,21.9157,102.319,1868
2018-03-24,17:00,29.96,10.92,1.604,4.33,147.7,813.296,21.9157,102.319,1868
2018-03-24,18:00,29.89,10.98,1.84,4.08,264.8,813.039,21.9157,102.319,1868
2018-03-24,19:00,28.55,12.01,1.495,4.46,310.8,813.074,21.9157,102.319,1868
2018-03-24,20:00,25.84,14.53,1.836,4.11,330.4,813.3,21.9157,102.319,1868
2018-03-24,21:00,23.12,18.5,0.939,2.04,218.4,813.587,21.9157,102.319,1868
2018-03-24,22:00,22.19,19.7,0.635,1.52,272,813.951,21.9157,102.319,1868
2018-03-24,23:00,20.4,24.37,1.193,4.26,14.2,814.337,21.9157,102.319,1868
2018-03-25,0:00,19.24,25.69,2.21,4.64,338.1,814.823,21.9157,102.319,1868
2018-03-25,1:00,20.03,22.32,2.021,4.97,39.8,814.917,21.9157,102.319,1868
2018-03-25,2:00,18.08,26.41,1.444,2.88,13.2,814.811,21.9157,102.319,1868
2018-03-25,3:00,16.02,31.99,1.333,2.91,262.5,814.606,21.9157,102.319,1868
2018-03-25,4:00,15.68,33,1.189,1.93,30.1,814.637,21.9157,102.319,1868
2018-03-25,5:00,13.99,38.76,0.934,1.57,328.5,814.827,21.9157,102.319,1868
2018-03-25,6:00,13.18,39.86,1.49,2.28,17.3,815.118,21.9157,102.319,1868
2018-03-25,7:00,12.45,40.02,1.664,3.04,11.8,815.677,21.9157,102.319,1868
2018-03-25,8:00,12.53,38.72,2.223,5.16,36.6,816.171,21.9157,102.319,1868
2018-03-25,9:00,16.25,30.38,1.457,4.04,22.5,816.779,21.9157,102.319,1868
2018-03-25,10:00,19.34,25.42,1.924,4.1,28.9,817.017,21.9157,102.319,1868
2018-03-25,11:00,22.15,22.6,2.536,5.03,41.4,816.748,21.9157,102.319,1868
2018-03-25,12:00,25.08,17.81,2.937,5.98,41.4,816.294,21.9157,102.319,1868
2018-03-25,13:00,27.03,15.15,1.97,4.78,73.7,815.438,21.9157,102.319,1868
2018-03-25,14:00,28.6,12.82,1.827,4.02,319.6,814.352,21.9157,102.319,1868
2018-03-25,15:00,29.37,10.69,2.651,7.61,185.7,813.363,21.9157,102.319,1868
2018-03-25,16:00,29.85,10.19,2.674,7.12,178.7,812.421,21.9157,102.319,1868
2018-03-25,17:00,29.86,10.21,1.94,6.55,171.8,811.965,21.9157,102.319,1868
2018-03-25,18:00,29.8,10.7,1.645,4.85,172.8,811.835,21.9157,102.319,1868
2018-03-25,19:00,28.74,11.66,1.338,1.98,245.3,811.842,21.9157,102.319,1868
2018-03-25,20:00,26.13,14.75,0.971,2.02,248.5,812.087,21.9157,102.319,1868
2018-03-25,21:00,23.24,18.75,0.474,1.39,243.9,812.436,21.9157,102.319,1868
2018-03-25,22:00,22.01,19.62,0.568,1.51,285.9,812.848,21.9157,102.319,1868
2018-03-25,23:00,21.77,20.13,1.69,4.51,288.2,813.402,21.9157,102.319,1868
2018-03-26,0:00,21.63,19.98,2.016,5.14,196.2,813.956,21.9157,102.319,1868
2018-03-26,1:00,20.21,22.31,1.444,4.4,8,813.804,21.9157,102.319,1868
2018-03-26,2:00,18.23,26.42,1.653,3.43,0.7,813.538,21.9157,102.319,1868
2018-03-26,3:00,15.78,31.96,1.468,3.48,345.7,813.492,21.9157,102.319,1868
2018-03-26,4:00,15.24,32.43,1.166,3.12,223.7,813.736,21.9157,102.319,1868
2018-03-26,5:00,15.44,31.64,1.867,3.51,175.7,813.875,21.9157,102.319,1868
2018-03-26,6:00,13.77,37.59,1.133,2.48,221.2,814.192,21.9157,102.319,1868
2018-03-26,7:00,12.65,41.59,1.132,2.63,303.2,814.907,21.9157,102.319,1868
2018-03-26,8:00,12.16,40.65,1.469,3.01,9.1,815.611,21.9157,102.319,1868
2018-03-26,9:00,15.38,34.42,0.95,1.8,341.6,816.246,21.9157,102.319,1868
2018-03-26,10:00,18.85,28,1.081,2.39,240,816.411,21.9157,102.319,1868
2018-03-26,11:00,22.07,22.39,1.215,3.13,192.6,816.034,21.9157,102.319,1868
2018-03-26,12:00,24.83,18.03,1.556,3.08,222.1,815.523,21.9157,102.319,1868
2018-03-26,13:00,26.8,15.45,1.477,3.55,267.6,814.731,21.9157,102.319,1868
2018-03-26,14:00,28.48,14.48,2.097,5.51,195.4,813.761,21.9157,102.319,1868
2018-03-26,15:00,29.45,11.93,5.176,12.45,171.7,812.782,21.9157,102.319,1868
2018-03-26,16:00,29.78,11.74,4.244,8.88,195.9,812.015,21.9157,102.319,1868
2018-03-26,17:00,29.32,12.13,3.49,8.15,229.8,811.712,21.9157,102.319,1868
2018-03-26,18:00,28.73,12.62,3.169,7.22,206.7,811.708,21.9157,102.319,1868
2018-03-26,19:00,28.03,13.38,3.235,6.38,213.4,811.948,21.9157,102.319,1868
2018-03-26,20:00,26.21,15.4,2.485,7.81,227.3,812.553,21.9157,102.319,1868
2018-03-26,21:00,25.03,15.5,2.58,7.05,241.7,813.197,21.9157,102.319,1868
2018-03-26,22:00,23.1,20.12,4.076,9.58,275.2,813.836,21.9157,102.319,1868
2018-03-26,23:00,22.13,22,2.707,5.68,282.3,814.262,21.9157,102.319,1868
2018-03-27,0:00,21.04,23.81,1.864,6.42,323.2,814.157,21.9157,102.319,1868
2018-03-27,1:00,20.04,25.98,1.855,4.59,197.7,814.526,21.9157,102.319,1868
2018-03-27,2:00,18.32,28.21,1.627,3.28,183.8,814.409,21.9157,102.319,1868
2018-03-27,3:00,16.95,30.27,1.823,3.06,170.7,814.29,21.9157,102.319,1868
2018-03-27,4:00,15.56,33.43,1.379,2.45,220.9,814.618,21.9157,102.319,1868
2018-03-27,5:00,14.33,35.99,2.291,4.03,196.1,814.889,21.9157,102.319,1868
2018-03-27,6:00,13.82,39.62,1.656,3.62,194.8,815.319,21.9157,102.319,1868
2018-03-27,7:00,13.06,46.53,1.401,2.48,189.1,815.789,21.9157,102.319,1868
2018-03-27,8:00,13.26,48.34,1.018,1.89,202.8,816.336,21.9157,102.319,1868
2018-03-27,9:00,15.37,43.94,1.997,4.29,202.8,816.908,21.9157,102.319,1868
2018-03-27,10:00,18.21,37.1,2.482,5.22,191.8,817.11,21.9157,102.319,1868
2018-03-27,11:00,21,29.83,2.973,5.2,185.3,816.873,21.9157,102.319,1868
2018-03-27,12:00,23.9,23.05,2.541,5.54,176.7,816.288,21.9157,102.319,1868
2018-03-27,13:00,25.55,19.51,2.96,7.02,183.4,815.38,21.9157,102.319,1868
2018-03-27,14:00,26.83,18.61,4.616,9.78,189.8,814.375,21.9157,102.319,1868
2018-03-27,15:00,27.79,17.37,4.958,10.3,192.9,813.51,21.9157,102.319,1868
2018-03-27,16:00,27.76,16.56,5.926,13.43,204.8,812.697,21.9157,102.319,1868
2018-03-27,17:00,27.75,16.29,5.032,10.12,219,812.206,21.9157,102.319,1868
2018-03-27,18:00,27.94,15.45,5.338,9.98,214.6,812.126,21.9157,102.319,1868
2018-03-27,19:00,26.62,15.96,5.14,9.77,211.2,812.43,21.9157,102.319,1868
2018-03-27,20:00,24.35,18.66,3.227,6.21,216.4,813.08,21.9157,102.319,1868
2018-03-27,21:00,22.44,21.23,1.678,4.58,240.6,813.644,21.9157,102.319,1868
2018-03-27,22:00,21.31,22.6,2.527,6.42,277.5,814.166,21.9157,102.319,1868
2018-03-27,23:00,20.59,24.24,3.441,6.9,281.2,814.151,21.9157,102.319,1868
2018-03-28,0:00,19.87,25.49,3.286,6.54,277.7,814.057,21.9157,102.319,1868
2018-03-28,1:00,19.44,26.04,3.327,7.75,234.8,814.034,21.9157,102.319,1868
2018-03-28,2:00,17.69,29.76,1.597,4.24,188.1,813.981,21.9157,102.319,1868
2018-03-28,3:00,16.21,33.38,1.29,2.66,206.1,813.925,21.9157,102.319,1868
2018-03-28,4:00,14.76,37.8,1.513,2.87,213,813.623,21.9157,102.319,1868
2018-03-28,5:00,13.78,41.68,1.259,2.1,201.1,813.526,21.9157,102.319,1868
2018-03-28,6:00,12.82,46.7,0.981,1.66,203.6,813.755,21.9157,102.319,1868
2018-03-28,7:00,12.16,48.39,0.924,1.76,219.5,814.299,21.9157,102.319,1868
2018-03-28,8:00,12.61,47.49,0.816,2.1,223.5,814.702,21.9157,102.319,1868
2018-03-28,9:00,14.68,44.1,2.048,4.6,199.2,815.273,21.9157,102.319,1868
2018-03-28,10:00,17.46,36.96,2.785,5.22,192.8,815.507,21.9157,102.319,1868
2018-03-28,11:00,20.54,29.53,2.375,5.13,181.1,815.207,21.9157,102.319,1868
2018-03-28,12:00,22.85,23.8,4.735,11.31,249.3,814.538,21.9157,102.319,1868
2018-03-28,13:00,23.87,21.27,5.326,11.58,250.1,813.777,21.9157,102.319,1868
2018-03-28,14:00,24.87,19.18,6.705,13.69,235.1,812.872,21.9157,102.319,1868
2018-03-28,15:00,25.28,16.99,7.595,13.38,226.3,812.06,21.9157,102.319,1868
2018-03-28,16:00,25.95,15.06,7.191,14.36,217,811.31,21.9157,102.319,1868
2018-03-28,17:00,25.77,15.49,7.124,12.92,220.5,811.072,21.9157,102.319,1868
2018-03-28,18:00,25.37,15.46,5.989,11.36,229,811.269,21.9157,102.319,1868
2018-03-28,19:00,24.47,15.99,5.07,10.79,253.9,811.69,21.9157,102.319,1868
2018-03-28,20:00,22.83,18.81,4.173,9.3,260.9,812.434,21.9157,102.319,1868
2018-03-28,21:00,20.8,22.7,2.974,6.64,276.4,813.305,21.9157,102.319,1868
2018-03-28,22:00,19.32,26.31,2.144,4.24,315.6,813.841,21.9157,102.319,1868
2018-03-28,23:00,18.98,27.26,1.804,5.2,8.2,814.352,21.9157,102.319,1868
2018-03-29,0:00,18.52,29.56,1.898,4.64,302.1,814.349,21.9157,102.319,1868
2018-03-29,1:00,17.46,32.68,1.788,3.69,203.5,814.204,21.9157,102.319,1868
2018-03-29,2:00,16.13,36.16,1.324,2.62,202.7,814.091,21.9157,102.319,1868
2018-03-29,3:00,14.62,39.38,1.231,2.12,216.9,813.838,21.9157,102.319,1868
2018-03-29,4:00,13.27,43.66,0.998,1.81,288.2,813.639,21.9157,102.319,1868
2018-03-29,5:00,12.01,48.51,1.1,1.75,358.7,813.603,21.9157,102.319,1868
2018-03-29,6:00,10.5,50,1.103,2.04,359.7,813.965,21.9157,102.319,1868
2018-03-29,7:00,9.02,52.17,1.897,3.78,357.2,814.509,21.9157,102.319,1868
2018-03-29,8:00,10.65,45.25,1.744,3.16,36.1,815.073,21.9157,102.319,1868
2018-03-29,9:00,14.22,38.03,1.469,2.64,358.1,815.659,21.9157,102.319,1868
2018-03-29,10:00,17.18,33.07,1.715,3.33,6.4,816.117,21.9157,102.319,1868
2018-03-29,11:00,20.23,28.12,1.371,3.31,26.4,816.119,21.9157,102.319,1868
2018-03-29,12:00,22.19,26.17,2.079,6.04,201,815.859,21.9157,102.319,1868
2018-03-29,13:00,23.27,23.82,4.038,8.58,183,815.234,21.9157,102.319,1868
2018-03-29,14:00,24.23,21.14,4.175,9.51,186.9,814.336,21.9157,102.319,1868
2018-03-29,15:00,24.94,19.94,4.087,8.25,193.4,813.433,21.9157,102.319,1868
2018-03-29,16:00,24.66,20.36,3.506,10.6,198.5,812.889,21.9157,102.319,1868
2018-03-29,17:00,25.14,20.38,2.547,5.62,222.5,812.387,21.9157,102.319,1868
2018-03-29,18:00,25.41,20.05,2.456,5.76,233.4,812.247,21.9157,102.319,1868
2018-03-29,19:00,24.44,21.72,1.855,5.22,249.9,812.524,21.9157,102.319,1868
2018-03-29,20:00,22.72,25.08,1.263,2.7,214.6,813.017,21.9157,102.319,1868
2018-03-29,21:00,21.03,27.34,1.269,3.46,249.3,813.639,21.9157,102.319,1868
2018-03-29,22:00,20.26,28.2,1.085,2.04,180.7,814.358,21.9157,102.319,1868
2018-03-29,23:00,18.9,32.93,1.289,3.03,231,814.667,21.9157,102.319,1868
2018-03-30,0:00,18.36,31.92,1.45,3.55,186.4,814.961,21.9157,102.319,1868
2018-03-30,1:00,17.95,33.75,1.482,4.37,133.3,815.472,21.9157,102.319,1868
2018-03-30,2:00,15.72,40.07,0.807,2.58,262.4,815.751,21.9157,102.319,1868
2018-03-30,3:00,15.12,41.38,0.68,1.61,295.4,815.958,21.9157,102.319,1868
2018-03-30,4:00,14.83,43,1.167,2.56,13.1,816.137,21.9157,102.319,1868
2018-03-30,5:00,13.85,47.14,0.899,1.68,315.7,816.401,21.9157,102.319,1868
2018-03-30,6:00,13.49,50.88,1.199,2.19,10.4,816.715,21.9157,102.319,1868
2018-03-30,7:00,12.27,60.64,1.372,2.39,359.1,817.403,21.9157,102.319,1868
2018-03-30,8:00,13.02,65.31,1.552,3.09,13.4,818.192,21.9157,102.319,1868
2018-03-30,9:00,15.49,60.01,1.225,2.16,12.3,819.043,21.9157,102.319,1868
2018-03-30,10:00,17.85,46.29,1.164,2.65,258.8,819.373,21.9157,102.319,1868
2018-03-30,11:00,20.17,37.1,1.43,4.64,199,819.308,21.9157,102.319,1868
2018-03-30,12:00,22.27,30.25,1.944,4.9,187.8,818.925,21.9157,102.319,1868
2018-03-30,13:00,23.42,27.78,2.279,6.48,193.1,818.263,21.9157,102.319,1868
2018-03-30,14:00,24.67,24.65,2.813,7.47,200.2,817.289,21.9157,102.319,1868
2018-03-30,15:00,25.66,20.31,3.74,8.39,190.7,816.315,21.9157,102.319,1868
2018-03-30,16:00,26.46,17.05,3.615,8.99,209.6,815.457,21.9157,102.319,1868
2018-03-30,17:00,25.79,17.53,2.974,6.86,211.8,814.892,21.9157,102.319,1868
2018-03-30,18:00,24.47,25.12,4.1,10.73,16.2,814.983,21.9157,102.319,1868
2018-03-30,19:00,22.05,33.4,6.809,14.15,68.8,815.617,21.9157,102.319,1868
2018-03-30,20:00,20.85,32.7,4.426,9.67,65.7,816.631,21.9157,102.319,1868
2018-03-30,21:00,19.15,34.4,3.667,7.34,36.9,817.736,21.9157,102.319,1868
2018-03-30,22:00,17.73,34.64,4.943,9.83,43.4,818.816,21.9157,102.319,1868
2018-03-30,23:00,16.25,35.08,4.684,8.29,41.8,819.585,21.9157,102.319,1868
2018-03-31,0:00,15.01,37.91,4.587,8.52,37.4,820.01,21.9157,102.319,1868
2018-03-31,1:00,14,40.66,3.634,7.16,33.7,820.324,21.9157,102.319,1868
2018-03-31,2:00,13.18,43.14,2.541,6.21,19.4,820.497,21.9157,102.319,1868
2018-03-31,3:00,12.27,45.47,2.122,3.94,9.1,820.191,21.9157,102.319,1868
2018-03-31,4:00,11.66,47.08,1.796,3.51,20.1,819.826,21.9157,102.319,1868
2018-03-31,5:00,11.1,48.35,2.384,4.03,32,819.698,21.9157,102.319,1868
2018-03-31,6:00,10.5,49.49,1.904,3.91,35.4,819.951,21.9157,102.319,1868
2018-03-31,7:00,9.51,53.75,1.296,2.59,9.2,820.306,21.9157,102.319,1868
2018-03-31,8:00,10.31,50.76,2.095,4.01,29.8,820.712,21.9157,102.319,1868
2018-03-31,9:00,12.51,45.44,1.89,3.94,33.8,821.289,21.9157,102.319,1868
2018-03-31,10:00,15.63,38.58,1.017,2.89,357.2,821.506,21.9157,102.319,1868
2018-03-31,11:00,18.06,35.35,1.396,3.25,205.8,821.273,21.9157,102.319,1868
2018-03-31,12:00,20.3,32.33,2.035,4.77,183.7,820.6,21.9157,102.319,1868
2018-03-31,13:00,22.71,27.83,1.903,4.38,181.5,819.478,21.9157,102.319,1868
2018-03-31,14:00,24.86,22,1.707,4.14,180.4,818.162,21.9157,102.319,1868
2018-03-31,15:00,26.12,15.66,2.145,5.43,153.7,816.958,21.9157,102.319,1868
2018-03-31,16:00,26.86,14.24,2.027,5.42,170.6,816.114,21.9157,102.319,1868
2018-03-31,17:00,27,14.22,1.743,5.57,111.2,815.56,21.9157,102.319,1868
2018-03-31,18:00,27.14,13.93,1.732,4.17,182.1,815.188,21.9157,102.319,1868
2018-03-31,19:00,26.26,15.13,1.084,2.32,221.8,815.087,21.9157,102.319,1868
2018-03-31,20:00,23.86,18.56,0.935,2.06,204,815.178,21.9157,102.319,1868
2018-03-31,21:00,22.02,21.06,0.908,1.7,292,815.478,21.9157,102.319,1868
2018-03-31,22:00,20.03,26.41,0.63,1.4,305.8,815.844,21.9157,102.319,1868
2018-03-31,23:00,18.27,29.93,0.637,1.28,307.8,816.03,21.9157,102.319,1868
