DATE,TIME,Temp_Avg,RH_Avg,WSpeed_Avg,WSpeed_Max,WDir_Avg,Press_Avg,Lat,Long,Alt
2018-03-01,0:00,25.06,62.43,4.741,8.86,143.6,1012.874,20.98,89.64,25
2018-03-01,1:00,24.26,68.66,4.514,8.74,138.7,1012.666,20.98,89.64,25
2018-03-01,2:00,23.41,73.37,3.955,7.23,133.3,1012.35,20.98,89.64,25
2018-03-01,3:00,22.36,77.94,4.106,8.14,134.2,1011.767,20.98,89.64,25
2018-03-01,4:00,21.47,82.71,3.857,7.01,151.7,1011.445,20.98,89.64,25
2018-03-01,5:00,20.7,86.3,4.206,8.33,154.6,1011.083,20.98,89.64,25
2018-03-01,6:00,20.32,87.48,4.177,8.99,153.9,1011.21,20.98,89.64,25
2018-03-01,7:00,20.26,87.44,2.897,6.1,147.2,1012.054,20.98,89.64,25
2018-03-01,8:00,22.11,78.01,3.282,7.44,137,1012.999,20.98,89.64,25
2018-03-01,9:00,24.36,67.8,4.506,8.48,144.3,1013.204,20.98,89.64,25
2018-03-01,10:00,27.05,57.22,5.482,10.29,151.2,1013.415,20.98,89.64,25
2018-03-01,11:00,29.16,49.27,4.888,9.44,148.7,1013.197,20.98,89.64,25
2018-03-01,12:00,30.69,44.31,4.025,8.29,159.5,1012.391,20.98,89.64,25
2018-03-01,13:00,32.15,38.77,3.358,7.09,176.5,1011.179,20.98,89.64,25
2018-03-01,14:00,33.49,34.69,3.072,7.04,148.9,1010.545,20.98,89.64,25
2018-03-01,15:00,34.57,31.75,2.285,6.58,170.4,1010.289,20.98,89.64,25
2018-03-01,16:00,34.98,30.61,3.172,6,112.3,1010.24,20.98,89.64,25
2018-03-01,17:00,31.08,47.67,6.246,11.03,47.6,1010.778,20.98,89.64,25
2018-03-01,18:00,28.6,56.03,5.88,10.79,35.5,1011.711,20.98,89.64,25
2018-03-01,19:00,27.04,60.44,4.712,7.66,43.7,1012.338,20.98,89.64,25
2018-03-01,20:00,25.98,66.34,4.425,7.45,45.8,1013.149,20.98,89.64,25
2018-03-01,21:00,25.32,71.47,3.326,5.86,39.6,1013.881,20.98,89.64,25
2018-03-01,22:00,24.92,74.77,2.852,5.13,41,1014.486,20.98,89.64,25
2018-03-01,23:00,24.91,76.21,2.175,4.25,65.7,1014.796,20.98,89.64,25
2018-03-02,0:00,25,72.59,2.005,3.63,116.1,1015.097,20.98,89.64,25
2018-03-02,1:00,24.71,71.29,2.301,4.38,138.4,1014.921,20.98,89.64,25
2018-03-02,2:00,24.28,72.59,1.933,3.84,138,1014.513,20.98,89.64,25
2018-03-02,3:00,23.81,75.82,2.81,5.28,127.4,1013.963,20.98,89.64,25
2018-03-02,4:00,23.11,81.24,3.615,6.12,124.2,1013.491,20.98,89.64,25
2018-03-02,5:00,22.6,84.81,1.853,4.71,101.4,1014.198,20.98,89.64,25
2018-03-02,6:00,22.06,87.68,1.99,3.44,107.2,1014.926,20.98,89.64,25
2018-03-02,7:00,21.68,89.32,2.25,3.55,107.2,1015.689,20.98,89.64,25
2018-03-02,8:00,22.88,85.05,2.128,4,113.6,1016.528,20.98,89.64,25
2018-03-02,9:00,25.45,77.42,2.777,5.49,132.8,1017.258,20.98,89.64,25
2018-03-02,10:00,26.89,70.45,3.744,6.98,158.5,1017.41,20.98,89.64,25
2018-03-02,11:00,28.53,61.26,3.254,6.35,141,1017.258,20.98,89.64,25
2018-03-02,12:00,30.21,53.69,3.101,7.33,131.3,1016.434,20.98,89.64,25
2018-03-02,13:00,31.56,47.47,2.421,6.26,124,1015.205,20.98,89.64,25
2018-03-02,14:00,33.11,40.47,2.114,5.21,81.5,1014.257,20.98,89.64,25
2018-03-02,15:00,31.74,53.43,4.494,8.4,15,1013.678,20.98,89.64,25
2018-03-02,16:00,31.03,53.87,5.223,10.09,29.6,1013.552,20.98,89.64,25
2018-03-02,17:00,29.45,58.13,6.377,9.76,37.7,1013.797,20.98,89.64,25
2018-03-02,18:00,27.65,63.78,5.973,10.07,39,1014.349,20.98,89.64,25
2018-03-02,19:00,26.26,69.64,4.745,8.36,46.5,1015.073,20.98,89.64,25
2018-03-02,20:00,25.64,73.15,4.212,7.73,56.1,1015.712,20.98,89.64,25
2018-03-02,21:00,25.15,76.83,3.684,6.65,45.8,1016.454,20.98,89.64,25
2018-03-02,22:00,24.82,79.43,2.654,4.92,31.2,1017.088,20.98,89.64,25
2018-03-02,23:00,24.83,78.74,3.181,6.06,43.8,1017.094,20.98,89.64,25
2018-03-03,0:00,24.96,74.7,3.922,7.21,63.1,1016.974,20.98,89.64,25
2018-03-03,1:00,24.61,75.65,4.618,7.73,81.1,1016.738,20.98,89.64,25
2018-03-03,2:00,24.27,76.68,4.123,7.28,89.9,1016.32,20.98,89.64,25
2018-03-03,3:00,24.21,76.81,3.512,6.38,92.3,1016.114,20.98,89.64,25
2018-03-03,4:00,23.92,79.01,2.999,5.08,90.2,1015.956,20.98,89.64,25
2018-03-03,5:00,23.38,81.68,3.167,5.5,103.4,1015.83,20.98,89.64,25
2018-03-03,6:00,23.16,82.54,2.813,5.55,68.2,1016.269,20.98,89.64,25
2018-03-03,7:00,23.12,82.67,3.278,5.47,92.7,1016.897,20.98,89.64,25
2018-03-03,8:00,24.2,78.14,3.392,6.16,96.9,1017.362,20.98,89.64,25
2018-03-03,9:00,25.8,70.49,4.455,7.87,107,1017.625,20.98,89.64,25
2018-03-03,10:00,28.23,55.03,4.309,7.4,102.1,1017.787,20.98,89.64,25
2018-03-03,11:00,29.73,48.99,3.295,6.77,100.5,1017.486,20.98,89.64,25
2018-03-03,12:00,31.01,46.16,2.944,6,79.9,1016.749,20.98,89.64,25
2018-03-03,13:00,31.68,43.94,2.65,6.2,74.8,1015.662,20.98,89.64,25
2018-03-03,14:00,32.04,46.84,4.217,7.55,39.1,1014.75,20.98,89.64,25
2018-03-03,15:00,31.52,47.07,5.252,9.9,29.8,1014.206,20.98,89.64,25
2018-03-03,16:00,31.07,43.84,5.989,9.59,30.3,1013.996,20.98,89.64,25
2018-03-03,17:00,29.53,47.94,6.547,11.23,38,1014.049,20.98,89.64,25
2018-03-03,18:00,27.85,54.42,6.188,10.2,45.1,1014.375,20.98,89.64,25
2018-03-03,19:00,26.12,61.51,5.209,8.8,48,1014.819,20.98,89.64,25
2018-03-03,20:00,25.02,68.24,4.582,8.32,52.7,1015.375,20.98,89.64,25
2018-03-03,21:00,24.28,74.95,4.518,8.02,56.3,1015.919,20.98,89.64,25
2018-03-03,22:00,23.8,79.41,3.925,7.9,61.4,1016.507,20.98,89.64,25
2018-03-03,23:00,23.6,81.43,3.341,6.18,90.2,1016.948,20.98,89.64,25
2018-03-04,0:00,23.34,82.69,3.738,6.42,88.8,1016.766,20.98,89.64,25
2018-03-04,1:00,23.27,82.81,3.514,6.79,84.6,1016.56,20.98,89.64,25
2018-03-04,2:00,23.09,83.89,3.857,6.67,90.9,1016.105,20.98,89.64,25
2018-03-04,3:00,22.84,84.32,4.011,7.02,88.9,1015.569,20.98,89.64,25
2018-03-04,4:00,22.62,83.64,3.643,6.52,91.2,1014.987,20.98,89.64,25
2018-03-04,5:00,22.28,83.61,3.355,6.41,97.7,1015.105,20.98,89.64,25
2018-03-04,6:00,21.88,84.75,2.75,5.18,98.8,1015.509,20.98,89.64,25
2018-03-04,7:00,21.81,84.67,2.489,4.55,93.8,1016.122,20.98,89.64,25
2018-03-04,8:00,23.17,76.49,3.662,6.4,100.6,1016.593,20.98,89.64,25
2018-03-04,9:00,24.8,67.99,4.066,6.82,96.9,1017.076,20.98,89.64,25
2018-03-04,10:00,26.67,59.68,3.616,7.08,82,1017.183,20.98,89.64,25
2018-03-04,11:00,28,53.44,3.774,7.05,77.9,1016.954,20.98,89.64,25
2018-03-04,12:00,29.15,47.03,3.486,7.14,70.4,1016.118,20.98,89.64,25
2018-03-04,13:00,30.13,43.32,3.221,7.23,73.1,1014.815,20.98,89.64,25
2018-03-04,14:00,30.87,41.15,2.898,7.46,69.5,1013.747,20.98,89.64,25
2018-03-04,15:00,30.84,40.94,4.462,7.81,41.4,1012.752,20.98,89.64,25
2018-03-04,16:00,30.57,40.4,4.993,8.67,38.4,1012.266,20.98,89.64,25
2018-03-04,17:00,29.14,43.03,5.855,9.91,39.2,1012.307,20.98,89.64,25
2018-03-04,18:00,27.07,46.56,5.624,9.55,46.7,1012.709,20.98,89.64,25
2018-03-04,19:00,24.91,54.55,5.617,9.39,48.5,1013.389,20.98,89.64,25
2018-03-04,20:00,23.83,61.43,5.243,9.42,55.7,1014.041,20.98,89.64,25
2018-03-04,21:00,23.42,63.33,4.974,8.62,63.4,1014.599,20.98,89.64,25
2018-03-04,22:00,22.92,64.78,4.692,9.4,82.4,1015.217,20.98,89.64,25
2018-03-04,23:00,22.37,66.14,4.232,7.43,87.7,1015.394,20.98,89.64,25
2018-03-05,0:00,21.93,67.27,3.635,7.25,85.8,1015.145,20.98,89.64,25
2018-03-05,1:00,21.3,69.25,3.819,7.93,91.1,1014.784,20.98,89.64,25
2018-03-05,2:00,20.92,69.92,3.565,6.19,90.9,1014.273,20.98,89.64,25
2018-03-05,3:00,20.55,70.92,2.991,4.81,100.9,1013.346,20.98,89.64,25
2018-03-05,4:00,20.35,70.93,3.067,5.63,110.3,1012.825,20.98,89.64,25
2018-03-05,5:00,20.02,71.91,3.19,5.97,107.1,1012.947,20.98,89.64,25
2018-03-05,6:00,19.4,74.34,3.375,5.73,104.2,1013.386,20.98,89.64,25
2018-03-05,7:00,19.45,73.96,3.081,6.23,105.1,1013.814,20.98,89.64,25
2018-03-05,8:00,20.78,69.84,4.14,6.89,107.9,1014.196,20.98,89.64,25
2018-03-05,9:00,23.04,62.74,4.214,7.37,116.5,1014.543,20.98,89.64,25
2018-03-05,10:00,25.43,53.68,4.759,7.86,121.6,1014.479,20.98,89.64,25
2018-03-05,11:00,27.45,43.84,3.999,7.36,133.8,1013.912,20.98,89.64,25
2018-03-05,12:00,29.48,36.85,3.299,7.09,125.2,1013.044,20.98,89.64,25
2018-03-05,13:00,30.92,33.58,2.436,6.49,112.6,1011.991,20.98,89.64,25
2018-03-05,14:00,32.1,30.18,1.908,5.07,124.3,1010.907,20.98,89.64,25
2018-03-05,15:00,33.13,26.77,1.963,5.78,105.8,1009.814,20.98,89.64,25
2018-03-05,16:00,33.76,24.78,2.084,6.24,115.3,1009.142,20.98,89.64,25
2018-03-05,17:00,32.05,35.68,4.243,8.67,31.5,1009.123,20.98,89.64,25
2018-03-05,18:00,28.4,50.68,5.275,9.37,42.9,1009.726,20.98,89.64,25
2018-03-05,19:00,25.76,62.31,4.923,8.21,41.8,1010.546,20.98,89.64,25
2018-03-05,20:00,24.42,71.93,4.804,7.7,60.8,1011.474,20.98,89.64,25
2018-03-05,21:00,24.01,74.65,3.956,7.45,84.4,1012.284,20.98,89.64,25
2018-03-05,22:00,23.7,76.1,3.779,6.66,88.8,1012.674,20.98,89.64,25
2018-03-05,23:00,23.54,72.91,3.31,6.09,115.5,1012.686,20.98,89.64,25
2018-03-06,0:00,23.52,66.51,2.636,4.58,126.4,1012.593,20.98,89.64,25
2018-03-06,1:00,23.05,63.29,3.152,5.78,132.4,1012.341,20.98,89.64,25
2018-03-06,2:00,22.23,65.95,3.018,5.76,134,1011.805,20.98,89.64,25
2018-03-06,3:00,21.56,68.95,3.795,7.09,132.5,1011.486,20.98,89.64,25
2018-03-06,4:00,20.84,71.6,3.501,6.91,133.5,1011.404,20.98,89.64,25
2018-03-06,5:00,20.31,73.72,3.312,5.95,144.9,1011.799,20.98,89.64,25
2018-03-06,6:00,19.8,75.92,3.941,8.15,150,1012.179,20.98,89.64,25
2018-03-06,7:00,19.83,76.38,3.696,7.16,150,1012.79,20.98,89.64,25
2018-03-06,8:00,21.34,70.87,3.671,7.51,149.8,1013.285,20.98,89.64,25
2018-03-06,9:00,23.53,63.14,4.73,9.89,140.5,1013.557,20.98,89.64,25
2018-03-06,10:00,26.06,52.86,5.253,10.67,152.3,1013.511,20.98,89.64,25
2018-03-06,11:00,28.39,41.13,4.757,9.19,157.5,1013.19,20.98,89.64,25
2018-03-06,12:00,30.5,30.3,4.176,8.11,156.3,1012.384,20.98,89.64,25
2018-03-06,13:00,32.4,22.92,3.769,7.82,145.4,1011.468,20.98,89.64,25
2018-03-06,14:00,33.59,20.54,3.454,6.92,145.8,1010.181,20.98,89.64,25
2018-03-06,15:00,34.14,20.43,3.678,7.78,141.1,1009.062,20.98,89.64,25
2018-03-06,16:00,34.75,20.65,2.671,6.1,155.9,1008.6,20.98,89.64,25
2018-03-06,17:00,34.74,20.64,2.321,4.71,140.1,1008.545,20.98,89.64,25
2018-03-06,18:00,31.62,38.42,3.398,7.18,62,1009.066,20.98,89.64,25
2018-03-06,19:00,27.37,55.73,4.577,8.05,42.4,1009.798,20.98,89.64,25
2018-03-06,20:00,25.56,64.2,3.596,6.99,19.1,1010.937,20.98,89.64,25
2018-03-06,21:00,24.75,71.92,3.128,5.89,11.6,1012.003,20.98,89.64,25
2018-03-06,22:00,24.31,77.44,2.89,5.17,25.1,1012.764,20.98,89.64,25
2018-03-06,23:00,23.98,80.57,2.644,5.19,38.5,1013.205,20.98,89.64,25
2018-03-07,0:00,23.72,82.55,1.967,3.77,48.1,1013.333,20.98,89.64,25
2018-03-07,1:00,23.82,77.22,3.086,6.48,120.2,1013.255,20.98,89.64,25
2018-03-07,2:00,23.57,71.13,3.872,7,133.9,1012.87,20.98,89.64,25
2018-03-07,3:00,23.04,72.02,3.98,8.99,142.4,1012.678,20.98,89.64,25
2018-03-07,4:00,22.52,73.8,4.303,7.64,155.9,1012.363,20.98,89.64,25
2018-03-07,5:00,22.09,75.09,2.891,5.87,144.8,1012.473,20.98,89.64,25
2018-03-07,6:00,21.53,77.14,2.749,4.87,129,1012.857,20.98,89.64,25
2018-03-07,7:00,21.16,78.18,2.538,4.78,119.6,1013.516,20.98,89.64,25
2018-03-07,8:00,22.68,72.02,3.287,6.91,139.8,1014.414,20.98,89.64,25
2018-03-07,9:00,24.72,64.52,3.308,6.25,158.2,1015.221,20.98,89.64,25
2018-03-07,10:00,27.14,53.57,2.592,5.09,136.9,1015.697,20.98,89.64,25
2018-03-07,11:00,28.75,48.92,2.27,5.15,90.1,1015.787,20.98,89.64,25
2018-03-07,12:00,30.28,43.12,1.933,5.02,40.2,1015.378,20.98,89.64,25
2018-03-07,13:00,31.56,39.42,1.75,4.35,358.2,1014.611,20.98,89.64,25
2018-03-07,14:00,29.9,49.11,5.732,11.23,355.4,1014.303,20.98,89.64,25
2018-03-07,15:00,28.89,53.5,6.294,10.22,3.5,1013.96,20.98,89.64,25
2018-03-07,16:00,28.2,55.83,6.064,10.23,10.5,1014,20.98,89.64,25
2018-03-07,17:00,27.48,54.89,5.877,10.7,14.7,1014.09,20.98,89.64,25
2018-03-07,18:00,26.42,60.16,5.605,9.63,21.2,1014.561,20.98,89.64,25
2018-03-07,19:00,25.11,70.05,4.614,8.66,33,1015.043,20.98,89.64,25
2018-03-07,20:00,24.56,74.78,4.054,6.49,46.1,1015.367,20.98,89.64,25
2018-03-07,21:00,24.35,75.99,3.874,6.22,87.4,1015.682,20.98,89.64,25
2018-03-07,22:00,23.92,76.55,3.079,6.23,81.6,1016.123,20.98,89.64,25
2018-03-07,23:00,23.47,78.75,2.849,4.66,47.3,1016.278,20.98,89.64,25
2018-03-08,0:00,23.04,81.05,2.825,5.31,48,1015.888,20.98,89.64,25
2018-03-08,1:00,22.88,82.78,3.57,5.98,37.9,1015.926,20.98,89.64,25
2018-03-08,2:00,22.65,84.77,4.04,6.75,40.2,1015.762,20.98,89.64,25
2018-03-08,3:00,22.94,82.54,4.094,7.8,38.7,1015.483,20.98,89.64,25
2018-03-08,4:00,23.31,79.76,3.821,7.69,46.1,1015.503,20.98,89.64,25
2018-03-08,5:00,23.3,79.62,3.397,6.61,55.1,1015.509,20.98,89.64,25
2018-03-08,6:00,23.12,80.48,3.08,5.66,57.5,1015.846,20.98,89.64,25
2018-03-08,7:00,22.96,81.32,2.834,5.91,48.1,1016.644,20.98,89.64,25
2018-03-08,8:00,23.31,79.54,3.278,5.95,48,1017.344,20.98,89.64,25
2018-03-08,9:00,24.15,75.94,3.61,6.54,55.4,1017.837,20.98,89.64,25
2018-03-08,10:00,24.95,71.31,4.313,7.27,50.9,1017.848,20.98,89.64,25
2018-03-08,11:00,25.4,68.25,4.978,8.31,36.7,1017.842,20.98,89.64,25
2018-03-08,12:00,25.51,66.25,5.478,9.39,33,1017.399,20.98,89.64,25
2018-03-08,13:00,25.9,63.81,6.537,10.75,48.5,1016.625,20.98,89.64,25
2018-03-08,14:00,25.92,61.24,6.938,11.31,37.7,1016.061,20.98,89.64,25
2018-03-08,15:00,25.2,61.43,6.543,11.31,43.2,1015.507,20.98,89.64,25
2018-03-08,16:00,25.69,58.97,6.616,10.38,46,1014.732,20.98,89.64,25
2018-03-08,17:00,25.04,60.3,6.339,10.54,45.9,1014.845,20.98,89.64,25
2018-03-08,18:00,24.29,61.91,5.751,10.13,54.3,1015.158,20.98,89.64,25
2018-03-08,19:00,23.41,65.66,4.813,8.8,62.5,1015.484,20.98,89.64,25
2018-03-08,20:00,22.72,69.71,4.747,8.55,67.9,1016.129,20.98,89.64,25
2018-03-08,21:00,22.44,70.73,4.98,9.41,74.2,1016.839,20.98,89.64,25
2018-03-08,22:00,22.28,70.48,4.837,9.18,82.8,1016.915,20.98,89.64,25
2018-03-08,23:00,22.09,71.06,3.707,8.27,76,1016.974,20.98,89.64,25
2018-03-09,0:00,21.79,72.44,3.577,6.94,87.1,1016.309,20.98,89.64,25
2018-03-09,1:00,21.49,73.75,3.49,6.78,88.3,1015.776,20.98,89.64,25
2018-03-09,2:00,21.2,75.03,3.305,6.22,86.6,1015.19,20.98,89.64,25
2018-03-09,3:00,20.98,75.77,3.209,6.8,88.1,1014.606,20.98,89.64,25
2018-03-09,4:00,21.14,75.13,3.837,7.41,95,1014.136,20.98,89.64,25
2018-03-09,5:00,21.03,75.86,3.788,6.87,93.2,1013.857,20.98,89.64,25
2018-03-09,6:00,20.44,78.69,2.745,5.32,86.9,1014.185,20.98,89.64,25
2018-03-09,7:00,20.25,80.01,3.055,6.68,88.8,1014.781,20.98,89.64,25
2018-03-09,8:00,21.24,77.44,4.048,7.23,91.3,1015.313,20.98,89.64,25
2018-03-09,9:00,23.21,71.54,4.549,9.26,95.3,1015.825,20.98,89.64,25
2018-03-09,10:00,25.63,65.29,4.917,8.58,117.8,1015.773,20.98,89.64,25
2018-03-09,11:00,27.51,58.71,5.105,9.29,124.1,1015.139,20.98,89.64,25
2018-03-09,12:00,28.83,53.23,4.525,7.74,130.3,1013.984,20.98,89.64,25
2018-03-09,13:00,30.48,47.24,3.889,7.43,116.8,1012.807,20.98,89.64,25
2018-03-09,14:00,30.94,45.64,3.771,7.43,103.5,1011.499,20.98,89.64,25
2018-03-09,15:00,30.98,46.95,4.515,7.81,67.4,1010.583,20.98,89.64,25
2018-03-09,16:00,31.52,44.76,4.308,7.46,71.2,1009.886,20.98,89.64,25
2018-03-09,17:00,29.93,52.42,5.472,9.67,59.1,1009.795,20.98,89.64,25
2018-03-09,18:00,27.57,61.03,5.824,10,51.6,1010.04,20.98,89.64,25
2018-03-09,19:00,25.98,68.87,4.886,8.82,60.5,1010.329,20.98,89.64,25
2018-03-09,20:00,25.78,70.77,4.751,8.17,79.9,1010.686,20.98,89.64,25
2018-03-09,21:00,26.3,66.42,5.178,8.99,99,1011.247,20.98,89.64,25
2018-03-09,22:00,25.64,69.12,5.011,9.09,104.4,1011.861,20.98,89.64,25
2018-03-09,23:00,25.01,70.51,3.884,6.19,111.4,1012.503,20.98,89.64,25
2018-03-10,0:00,24.69,70.73,4.429,8.15,120.8,1012.495,20.98,89.64,25
2018-03-10,1:00,23.95,74.49,4.498,7.83,121.9,1011.859,20.98,89.64,25
2018-03-10,2:00,23.07,79.3,4.168,6.99,124.7,1010.914,20.98,89.64,25
2018-03-10,3:00,22.33,83.74,3.999,7.6,124.2,1010.307,20.98,89.64,25
2018-03-10,4:00,21.74,87.55,4.385,7.33,125.5,1010.022,20.98,89.64,25
2018-03-10,5:00,21.4,89.4,3.762,6.72,128.8,1010.052,20.98,89.64,25
2018-03-10,6:00,21.27,90.16,3.495,6.6,133.7,1010.445,20.98,89.64,25
2018-03-10,7:00,21.33,89.05,3.352,6.1,134.5,1010.733,20.98,89.64,25
2018-03-10,8:00,22.88,81.01,4.223,7.82,134.7,1010.951,20.98,89.64,25
2018-03-10,9:00,25.23,71.49,5.143,11.58,153.8,1010.839,20.98,89.64,25
2018-03-10,10:00,27.4,62.29,5.909,12.15,151.9,1010.87,20.98,89.64,25
2018-03-10,11:00,29.45,52.47,5.633,10.74,157.2,1010.204,20.98,89.64,25
2018-03-10,12:00,31.06,46.25,5.646,9.86,163.4,1009.12,20.98,89.64,25
2018-03-10,13:00,32.22,42.58,5.275,10.35,170.2,1007.904,20.98,89.64,25
2018-03-10,14:00,33.38,39.02,4.23,8.46,170.4,1007.065,20.98,89.64,25
2018-03-10,15:00,33.9,36.72,1.96,5.59,158,1006.828,20.98,89.64,25
2018-03-10,16:00,33.58,39.85,3.085,9.62,301.9,1006.698,20.98,89.64,25
2018-03-10,17:00,29.71,56.74,6.138,9.6,2.3,1007.299,20.98,89.64,25
2018-03-10,18:00,27.77,65.08,5.764,9.35,33.6,1007.788,20.98,89.64,25
2018-03-10,19:00,26.13,72.66,5.285,9.51,49.6,1008.329,20.98,89.64,25
2018-03-10,20:00,25.66,73.07,4.77,8.26,50.6,1008.916,20.98,89.64,25
2018-03-10,21:00,25.31,78.52,4.149,6.99,57.6,1009.024,20.98,89.64,25
2018-03-10,22:00,24.84,84.03,3.766,6.96,57,1009.217,20.98,89.64,25
2018-03-10,23:00,24.71,86.33,3.145,6.38,73.6,1009.139,20.98,89.64,25
2018-03-11,0:00,24.54,86.76,2.058,3.26,100.7,1008.688,20.98,89.64,25
2018-03-11,1:00,24.62,83.49,1.816,3.2,117.9,1008.581,20.98,89.64,25
2018-03-11,2:00,24.89,81.46,2.402,4.72,140.1,1008.647,20.98,89.64,25
2018-03-11,3:00,24.5,83.59,2.999,5.67,130,1008.178,20.98,89.64,25
2018-03-11,4:00,24.21,85.78,3.305,6.5,133.3,1008.09,20.98,89.64,25
2018-03-11,5:00,24.15,86.65,3.239,6.85,138.8,1008.276,20.98,89.64,25
2018-03-11,6:00,23.85,89.07,3.563,8.24,149.9,1008.346,20.98,89.64,25
2018-03-11,7:00,23.92,89.27,3.107,5.58,153,1008.996,20.98,89.64,25
2018-03-11,8:00,25.29,83.26,3.423,7.11,151.3,1009.645,20.98,89.64,25
2018-03-11,9:00,26.63,76.57,5.131,10.67,159.7,1009.909,20.98,89.64,25
2018-03-11,10:00,28.37,67.78,5.196,9.72,158,1010.039,20.98,89.64,25
2018-03-11,11:00,30.47,58.37,3.466,6.54,159,1009.935,20.98,89.64,25
2018-03-11,12:00,32.36,50.67,2.486,5.88,158.8,1009.307,20.98,89.64,25
2018-03-11,13:00,34.16,43.93,2.641,5.3,95.8,1008.096,20.98,89.64,25
2018-03-11,14:00,35.51,38.79,1.722,4.97,70.3,1007.099,20.98,89.64,25
2018-03-11,15:00,36.37,32.44,1.857,5.92,21.3,1006.236,20.98,89.64,25
2018-03-11,16:00,37.09,29.81,2.016,5.29,54.3,1005.74,20.98,89.64,25
2018-03-11,17:00,34.73,42.63,4.273,9.33,31.7,1005.813,20.98,89.64,25
2018-03-11,18:00,30.52,60.68,5.005,8.83,18.5,1006.495,20.98,89.64,25
2018-03-11,19:00,28.04,72.53,4.654,8.65,17.2,1007.394,20.98,89.64,25
2018-03-11,20:00,26.21,80.16,4.267,8.89,35.3,1008.384,20.98,89.64,25
2018-03-11,21:00,25.72,82.53,2.999,5.83,25.4,1009.201,20.98,89.64,25
2018-03-11,22:00,25.73,82.33,2.793,5.07,15,1009.631,20.98,89.64,25
2018-03-11,23:00,25.42,84.84,2.508,4.72,22.7,1009.945,20.98,89.64,25
2018-03-12,0:00,24.93,88.82,2.154,3.94,48.6,1009.705,20.98,89.64,25
2018-03-12,1:00,24.83,89.66,1.682,3.49,40.9,1009.522,20.98,89.64,25
2018-03-12,2:00,24.78,89.85,0.641,2.2,69.6,1009.201,20.98,89.64,25
2018-03-12,3:00,25.28,81.07,1.626,3.51,150.7,1009.15,20.98,89.64,25
2018-03-12,4:00,25.13,80.65,1.745,4.36,148.1,1009.028,20.98,89.64,25
2018-03-12,5:00,24.73,82.73,1.244,3.37,150.6,1009.585,20.98,89.64,25
2018-03-12,6:00,24.44,85.08,0.956,2.24,154.9,1010.454,20.98,89.64,25
2018-03-12,7:00,24.46,85.15,1.275,2.32,167.1,1011.293,20.98,89.64,25
2018-03-12,8:00,24.81,83.51,1.672,3.07,162.6,1012.286,20.98,89.64,25
2018-03-12,9:00,25.42,80.68,1.103,2.4,155.3,1013.006,20.98,89.64,25
2018-03-12,10:00,26.18,77.36,0.877,2.12,292,1013.517,20.98,89.64,25
2018-03-12,11:00,26.09,78.58,3.217,8.2,2.7,1013.664,20.98,89.64,25
2018-03-12,12:00,27.75,70.41,3.61,7.69,19.6,1013.199,20.98,89.64,25
2018-03-12,13:00,27.35,71.45,4.708,8.65,14.9,1012.889,20.98,89.64,25
2018-03-12,14:00,28.23,67.17,4.23,7.77,18.2,1012.338,20.98,89.64,25
2018-03-12,15:00,28.5,65.24,5.207,10.44,14.6,1011.718,20.98,89.64,25
2018-03-12,16:00,27.1,66.13,6.097,10.13,10.3,1011.698,20.98,89.64,25
2018-03-12,17:00,27.03,61.58,6.114,10.13,20.3,1011.72,20.98,89.64,25
2018-03-12,18:00,26.03,67.98,5.989,10.44,29.5,1012.35,20.98,89.64,25
2018-03-12,19:00,25.05,75.83,5.578,10.63,34.4,1013.193,20.98,89.64,25
2018-03-12,20:00,24.4,78.28,6.082,10.67,35.8,1014.168,20.98,89.64,25
2018-03-12,21:00,23.79,79.09,6.61,11.26,38.6,1015.17,20.98,89.64,25
2018-03-12,22:00,23.75,76.89,5.137,8.97,42.4,1015.732,20.98,89.64,25
2018-03-12,23:00,23.73,75.21,5.055,9.42,44.6,1016.075,20.98,89.64,25
2018-03-13,0:00,23.51,75.81,4.561,8.1,38.2,1016.102,20.98,89.64,25
2018-03-13,1:00,23.16,76.45,4.812,9.36,38.5,1015.561,20.98,89.64,25
2018-03-13,2:00,22.77,75.03,3.416,6.19,33.9,1014.892,20.98,89.64,25
2018-03-13,3:00,22.52,76.26,2.9,5.12,33.3,1014.733,20.98,89.64,25
2018-03-13,4:00,22.52,75.03,3.605,6.17,30.9,1014.608,20.98,89.64,25
2018-03-13,5:00,22.21,74.76,3.43,6.81,36.1,1014.607,20.98,89.64,25
2018-03-13,6:00,21.8,75.42,2.369,4.51,33.7,1015.067,20.98,89.64,25
2018-03-13,7:00,21.69,74.55,2.625,4.53,38,1015.684,20.98,89.64,25
2018-03-13,8:00,22.74,70.14,3.441,6.57,36.8,1016.22,20.98,89.64,25
2018-03-13,9:00,24.66,62.66,4.403,8.09,62.9,1016.64,20.98,89.64,25
2018-03-13,10:00,25.76,56.87,4.21,7.09,61.1,1016.741,20.98,89.64,25
2018-03-13,11:00,26.49,52.98,3.802,7.58,44.1,1016.413,20.98,89.64,25
2018-03-13,12:00,26.66,52.28,3.954,7.07,40,1015.95,20.98,89.64,25
2018-03-13,13:00,27.15,50.81,4.026,8.48,39.7,1015.346,20.98,89.64,25
2018-03-13,14:00,27.39,49.52,4.398,9.06,51,1014.819,20.98,89.64,25
2018-03-13,15:00,27.57,48.61,4.739,8.01,50.5,1014.162,20.98,89.64,25
2018-03-13,16:00,27.35,48.79,4.523,8.59,38,1013.71,20.98,89.64,25
2018-03-13,17:00,27.04,49.35,4.658,8.4,41.8,1013.754,20.98,89.64,25
2018-03-13,18:00,25.37,54,5.29,9.79,44,1014.188,20.98,89.64,25
2018-03-13,19:00,23.77,58.66,4.971,8.05,44.6,1014.742,20.98,89.64,25
2018-03-13,20:00,22.89,62.59,4.641,8.29,49,1015.465,20.98,89.64,25
2018-03-13,21:00,22.45,64.89,4.239,8.09,54.8,1016.205,20.98,89.64,25
2018-03-13,22:00,22.12,66.59,3.336,6.33,60.7,1016.875,20.98,89.64,25
2018-03-13,23:00,21.93,66.17,3.571,7.33,67.1,1017.26,20.98,89.64,25
2018-03-14,0:00,21.6,66.47,3.226,6.17,80.6,1017.16,20.98,89.64,25
2018-03-14,1:00,21.32,67.48,2.956,6.08,77,1017.132,20.98,89.64,25
2018-03-14,2:00,20.97,69.18,2.621,4.64,80.7,1016.962,20.98,89.64,25
2018-03-14,3:00,20.66,70.62,2.204,4.88,75.7,1016.518,20.98,89.64,25
2018-03-14,4:00,20.52,71.67,1.937,3.91,73.4,1016.344,20.98,89.64,25
2018-03-14,5:00,20.37,72.5,2.166,4.18,67.3,1016.7,20.98,89.64,25
2018-03-14,6:00,20.33,72.48,1.966,4.63,55.5,1017.054,20.98,89.64,25
2018-03-14,7:00,20.84,70.46,1.684,3.06,72.5,1017.814,20.98,89.64,25
2018-03-14,8:00,22.68,63.25,2.836,5.57,75.1,1018.429,20.98,89.64,25
2018-03-14,9:00,24.32,58.24,4.142,8.04,66.3,1019.065,20.98,89.64,25
2018-03-14,10:00,25.6,51.5,4.02,7.67,60.8,1019.1,20.98,89.64,25
2018-03-14,11:00,27.05,45.16,3.502,7.28,55.3,1018.768,20.98,89.64,25
2018-03-14,12:00,27.49,45.9,4.31,8.73,34.1,1018.019,20.98,89.64,25
2018-03-14,13:00,27.84,44.14,4.645,9.99,31,1017.047,20.98,89.64,25
2018-03-14,14:00,28.03,41.86,4.866,9.78,30.9,1016.201,20.98,89.64,25
2018-03-14,15:00,27.53,44.79,5.315,9.03,30.5,1015.937,20.98,89.64,25
2018-03-14,16:00,26.35,53.32,6.426,10.94,34,1016.11,20.98,89.64,25
2018-03-14,17:00,25.16,57.63,6.523,11.69,36.1,1016.463,20.98,89.64,25
2018-03-14,18:00,23.9,62.52,6.352,10.28,35,1016.883,20.98,89.64,25
2018-03-14,19:00,22.99,66,5.789,10.25,38.7,1017.336,20.98,89.64,25
2018-03-14,20:00,22.51,69.29,4.835,8.6,48.1,1017.966,20.98,89.64,25
2018-03-14,21:00,22.23,70.65,4.68,9.13,59,1018.469,20.98,89.64,25
2018-03-14,22:00,22,71.62,4.157,7.84,62.2,1018.738,20.98,89.64,25
2018-03-14,23:00,21.82,72.16,3.611,6.7,72.2,1018.558,20.98,89.64,25
2018-03-15,0:00,21.65,73.02,2.922,5.92,85.3,1018.399,20.98,89.64,25
2018-03-15,1:00,21.39,75.07,2.688,4.85,87.9,1018.205,20.98,89.64,25
2018-03-15,2:00,20.97,76.14,3.045,5.54,100.2,1017.59,20.98,89.64,25
2018-03-15,3:00,20.65,77.68,3.241,5.35,101.3,1017.083,20.98,89.64,25
2018-03-15,4:00,20.45,78.47,2.532,5.06,97.5,1016.631,20.98,89.64,25
2018-03-15,5:00,20.53,76.85,2.909,5.48,92,1016.62,20.98,89.64,25
2018-03-15,6:00,20.37,77.04,3.492,6.68,93.9,1016.92,20.98,89.64,25
2018-03-15,7:00,20.37,76.48,3.653,6.1,100.8,1017.318,20.98,89.64,25
2018-03-15,8:00,22.03,68.39,4.12,7.55,98.7,1017.936,20.98,89.64,25
2018-03-15,9:00,23.88,61.31,4.884,8.09,91.2,1018.365,20.98,89.64,25
2018-03-15,10:00,25.68,54.87,4.26,7.49,113.9,1018.226,20.98,89.64,25
2018-03-15,11:00,27.37,48.97,3.388,6.71,109.8,1017.562,20.98,89.64,25
2018-03-15,12:00,28.79,44.55,2.875,6.29,102.3,1016.484,20.98,89.64,25
2018-03-15,13:00,29.88,41.25,2.578,6.06,91.7,1015.065,20.98,89.64,25
2018-03-15,14:00,30.81,38.27,2.107,4.83,78,1013.818,20.98,89.64,25
2018-03-15,15:00,31.58,35.98,2.243,7.4,45.6,1012.754,20.98,89.64,25
2018-03-15,16:00,29.85,45.38,5.754,9.25,38.4,1012.102,20.98,89.64,25
2018-03-15,17:00,28.55,48.01,6.208,10.25,41.4,1012.251,20.98,89.64,25
2018-03-15,18:00,27.04,51.29,5.782,8.96,52.7,1012.413,20.98,89.64,25
2018-03-15,19:00,25.15,58.1,5.578,10.68,55.1,1012.819,20.98,89.64,25
2018-03-15,20:00,24.24,62.22,4.975,10.16,65.9,1013.369,20.98,89.64,25
2018-03-15,21:00,23.82,62.65,5.626,9.9,80,1013.819,20.98,89.64,25
2018-03-15,22:00,23.39,63.13,4.881,9.12,93.3,1014.607,20.98,89.64,25
2018-03-15,23:00,23.48,64.11,3.945,10.74,109.8,1014.78,20.98,89.64,25
2018-03-16,0:00,23.71,67.08,5.303,10.53,131.4,1014.762,20.98,89.64,25
2018-03-16,1:00,22.77,71.07,4.586,9.69,129.6,1014.456,20.98,89.64,25
2018-03-16,2:00,21.98,73.84,4.597,8.86,123.3,1013.766,20.98,89.64,25
2018-03-16,3:00,21.25,75.98,4.586,8.07,120.6,1013.177,20.98,89.64,25
2018-03-16,4:00,20.73,76.85,3.637,7.5,112.4,1013.135,20.98,89.64,25
2018-03-16,5:00,20.28,77.81,3.604,6.65,112.5,1013.266,20.98,89.64,25
2018-03-16,6:00,19.95,78.81,3.655,6.42,113.9,1013.58,20.98,89.64,25
2018-03-16,7:00,19.99,79.02,4.268,7.7,112.1,1013.726,20.98,89.64,25
2018-03-16,8:00,21.52,73.69,4.641,7.53,119.9,1014.096,20.98,89.64,25
2018-03-16,9:00,24.07,65.18,5.145,8.46,128,1014.178,20.98,89.64,25
2018-03-16,10:00,26.79,55.33,4.551,8.34,125.3,1014.157,20.98,89.64,25
2018-03-16,11:00,29.07,47.62,4.08,6.82,126.1,1013.664,20.98,89.64,25
2018-03-16,12:00,31.28,40.49,3.604,7.4,116.2,1012.794,20.98,89.64,25
2018-03-16,13:00,33.13,35.42,3.068,8.8,117.1,1011.661,20.98,89.64,25
2018-03-16,14:00,34.3,32.82,2.784,7.11,118.5,1010.718,20.98,89.64,25
2018-03-16,15:00,35.22,30.69,2.276,6,85.8,1009.616,20.98,89.64,25
2018-03-16,16:00,34.43,34.08,4.427,10.38,53.4,1009.173,20.98,89.64,25
2018-03-16,17:00,31.79,40.9,6.273,9.93,41,1009.184,20.98,89.64,25
2018-03-16,18:00,29.98,45.17,6.024,10.67,52.1,1009.641,20.98,89.64,25
2018-03-16,19:00,28.21,49.31,6.062,10.85,64.5,1010.24,20.98,89.64,25
2018-03-16,20:00,27.19,53.87,5.242,10.19,79.5,1010.883,20.98,89.64,25
2018-03-16,21:00,26.74,56.85,4.858,8.45,88.5,1011.732,20.98,89.64,25
2018-03-16,22:00,26.82,55.19,4.547,10.58,104.9,1012.607,20.98,89.64,25
2018-03-16,23:00,26.51,58.94,6.298,11.2,127.9,1013.131,20.98,89.64,25
2018-03-17,0:00,25.35,66.41,5.791,10.07,126.5,1013.362,20.98,89.64,25
2018-03-17,1:00,24.47,72.52,5.182,9.6,124.1,1013.141,20.98,89.64,25
2018-03-17,2:00,23.67,77.35,4.922,8.87,131.3,1012.528,20.98,89.64,25
2018-03-17,3:00,23.11,79.76,5.076,9.04,131.6,1011.839,20.98,89.64,25
2018-03-17,4:00,22.73,80.88,4.603,7.52,130.3,1011.571,20.98,89.64,25
2018-03-17,5:00,22.31,83.12,3.815,7.21,124.3,1011.747,20.98,89.64,25
2018-03-17,6:00,21.56,86.51,3.711,5.86,122.4,1012.017,20.98,89.64,25
2018-03-17,7:00,21.39,87.3,3.693,7.39,131.3,1012.252,20.98,89.64,25
2018-03-17,8:00,22.78,82.6,4.146,8.31,127.4,1013.218,20.98,89.64,25
2018-03-17,9:00,25.22,74.74,4.125,7.65,133.2,1013.778,20.98,89.64,25
2018-03-17,10:00,28.38,62.52,4.609,8.78,142.3,1013.315,20.98,89.64,25
2018-03-17,11:00,30.95,51.67,5.01,9.84,143,1012.764,20.98,89.64,25
2018-03-17,12:00,32.56,46.4,4.522,8.55,157,1011.958,20.98,89.64,25
2018-03-17,13:00,34.25,39.54,3.243,7.22,151.6,1011.037,20.98,89.64,25
2018-03-17,14:00,35.21,36.13,3.069,6.92,141.9,1009.792,20.98,89.64,25
2018-03-17,15:00,35.96,33.75,2.439,6.76,130.4,1008.794,20.98,89.64,25
2018-03-17,16:00,36,32.94,3.09,6.78,149.5,1008.324,20.98,89.64,25
2018-03-17,17:00,34.72,39.32,4.193,8.52,100.1,1008.364,20.98,89.64,25
2018-03-17,18:00,31.66,53.19,5.259,8.5,39.3,1008.764,20.98,89.64,25
2018-03-17,19:00,29.46,59.99,5.226,9.12,53.8,1009.378,20.98,89.64,25
2018-03-17,20:00,28.66,62.5,4.235,8.37,67.3,1009.906,20.98,89.64,25
2018-03-17,21:00,28.23,64.43,3.006,5.65,80.4,1010.549,20.98,89.64,25
2018-03-17,22:00,28.09,64.41,2.659,5.31,108.3,1010.874,20.98,89.64,25
2018-03-17,23:00,28.41,62.84,4.294,9.96,142.9,1011.168,20.98,89.64,25
2018-03-18,0:00,27.36,68.3,4.721,10.35,147.2,1011.387,20.98,89.64,25
2018-03-18,1:00,26.39,71.48,4.278,10.52,143.4,1011.283,20.98,89.64,25
2018-03-18,2:00,25.56,74.81,4.158,8.43,137.4,1010.785,20.98,89.64,25
2018-03-18,3:00,24.77,80.14,3.742,7.02,146.2,1010.328,20.98,89.64,25
2018-03-18,4:00,24.1,85.2,3.617,6.97,141.7,1009.987,20.98,89.64,25
2018-03-18,5:00,23.7,88.21,4.295,8.83,136.1,1009.911,20.98,89.64,25
2018-03-18,6:00,23.44,89.09,4.187,8.45,135,1010.152,20.98,89.64,25
2018-03-18,7:00,23.67,87.86,4.252,8.55,149.8,1010.715,20.98,89.64,25
2018-03-18,8:00,24.82,82.3,4.51,8.42,148.1,1011.464,20.98,89.64,25
2018-03-18,9:00,27.14,69.79,4.94,10.19,148.8,1011.699,20.98,89.64,25
2018-03-18,10:00,29.39,56.78,5.55,10.14,148.1,1011.595,20.98,89.64,25
2018-03-18,11:00,31.3,48.55,4.942,8.84,155.8,1011.401,20.98,89.64,25
2018-03-18,12:00,33.34,40.41,4.11,8.43,155.3,1010.399,20.98,89.64,25
2018-03-18,13:00,34.86,35.11,4.313,8.7,144.4,1008.937,20.98,89.64,25
2018-03-18,14:00,36.11,29.62,4.135,7.98,159.8,1007.645,20.98,89.64,25
2018-03-18,15:00,36.79,27.67,3.515,7.68,160.3,1006.606,20.98,89.64,25
2018-03-18,16:00,37.14,26.28,3.67,7.9,148.2,1005.874,20.98,89.64,25
2018-03-18,17:00,36.88,26.71,3.607,7.3,165.8,1005.52,20.98,89.64,25
2018-03-18,18:00,35.15,33.99,3.5,7.84,163.1,1005.586,20.98,89.64,25
2018-03-18,19:00,30.89,53.58,2.913,6.13,332.4,1006.239,20.98,89.64,25
2018-03-18,20:00,28.45,65.07,2.878,4.8,306.9,1007.318,20.98,89.64,25
2018-03-18,21:00,27.36,72.25,1.361,3.73,331.7,1008.132,20.98,89.64,25
2018-03-18,22:00,28.82,61.43,2.315,5.47,162.3,1008.598,20.98,89.64,25
2018-03-18,23:00,29.1,58.33,4.92,10.3,149.4,1008.626,20.98,89.64,25
2018-03-19,0:00,27.89,65.33,5.032,9.4,150.5,1008.86,20.98,89.64,25
2018-03-19,1:00,26.81,70.18,4.818,9.99,150.5,1008.178,20.98,89.64,25
2018-03-19,2:00,25.68,75.96,5.6,10.86,148.6,1007.263,20.98,89.64,25
2018-03-19,3:00,24.82,80.01,4.325,8.67,152.1,1006.894,20.98,89.64,25
2018-03-19,4:00,24.3,83.69,3.699,7.47,138.8,1006.568,20.98,89.64,25
2018-03-19,5:00,23.79,87.55,4.465,10.63,143.3,1006.494,20.98,89.64,25
2018-03-19,6:00,23.42,89.49,4.119,7.63,149.1,1006.83,20.98,89.64,25
2018-03-19,7:00,23.58,88.83,3.233,7.17,142.4,1007.636,20.98,89.64,25
2018-03-19,8:00,24.43,84.77,4.919,11.04,157.7,1008.166,20.98,89.64,25
2018-03-19,9:00,26.11,75.83,5.715,12.38,157.8,1008.368,20.98,89.64,25
2018-03-19,10:00,28.6,63.1,5.149,9.29,149.7,1008.481,20.98,89.64,25
2018-03-19,11:00,30.92,53.22,4.518,8.45,146.9,1007.964,20.98,89.64,25
2018-03-19,12:00,33.19,43.57,3.86,7.31,161.4,1007.182,20.98,89.64,25
2018-03-19,13:00,34.83,37.03,3.746,7.81,179.5,1006.033,20.98,89.64,25
2018-03-19,14:00,36.25,32.44,3.564,8.08,179.9,1004.619,20.98,89.64,25
2018-03-19,15:00,37.09,28.89,3.646,6.84,183.3,1003.494,20.98,89.64,25
2018-03-19,16:00,37.7,26.21,3.39,7.18,188.6,1002.924,20.98,89.64,25
2018-03-19,17:00,37.58,26.44,2.972,6.64,178.9,1002.862,20.98,89.64,25
2018-03-19,18:00,33.85,44.54,4.57,8.28,308.4,1003.317,20.98,89.64,25
2018-03-19,19:00,29.1,67.31,4.107,7.54,335.6,1004.321,20.98,89.64,25
2018-03-19,20:00,27.84,73.13,2.633,4.54,328.5,1005.264,20.98,89.64,25
2018-03-19,21:00,27.07,76.48,1.409,3.49,289.6,1006.105,20.98,89.64,25
2018-03-19,22:00,27.09,76.27,0.626,1.22,235.5,1006.63,20.98,89.64,25
2018-03-19,23:00,27.83,67.51,1.344,3.31,201.5,1006.9,20.98,89.64,25
2018-03-20,0:00,27.67,58.02,2.176,5.59,165.1,1006.989,20.98,89.64,25
2018-03-20,1:00,26.95,56.9,3.108,5.63,151.9,1006.735,20.98,89.64,25
2018-03-20,2:00,25.78,66.35,3.995,8.05,150.7,1006.281,20.98,89.64,25
2018-03-20,3:00,24.56,75.17,3.914,8.9,144.3,1005.945,20.98,89.64,25
2018-03-20,4:00,23.93,83.9,4.101,8.75,135,1005.887,20.98,89.64,25
2018-03-20,5:00,23.43,87.1,4.039,7.33,129.1,1006.587,20.98,89.64,25
2018-03-20,6:00,23.1,89.77,3.79,6.98,130.2,1007.06,20.98,89.64,25
2018-03-20,7:00,22.97,92.47,4.303,8.15,141.3,1007.387,20.98,89.64,25
2018-03-20,8:00,23.54,90.52,4.127,7.56,157.8,1008.215,20.98,89.64,25
2018-03-20,9:00,25.95,78.29,4.376,8.66,155.8,1009.045,20.98,89.64,25
2018-03-20,10:00,28.17,67.11,4.589,8.66,174.5,1009.32,20.98,89.64,25
2018-03-20,11:00,30.69,54.89,2.964,7.42,188.5,1009.434,20.98,89.64,25
2018-03-20,12:00,32.76,46.39,1.478,4.09,163.4,1009.063,20.98,89.64,25
2018-03-20,13:00,34.59,37.24,2.049,4.52,84.9,1008.228,20.98,89.64,25
2018-03-20,14:00,33.64,46.8,4.415,8.54,349,1007.479,20.98,89.64,25
2018-03-20,15:00,32.43,47.74,6.169,10.64,350.9,1007.31,20.98,89.64,25
2018-03-20,16:00,31.1,45.42,6.473,9.79,353.5,1007.424,20.98,89.64,25
2018-03-20,17:00,31.68,37.47,5.474,9.3,7.1,1007.555,20.98,89.64,25
2018-03-20,18:00,29.05,55.5,5.662,10.99,10.4,1008.393,20.98,89.64,25
2018-03-20,19:00,26.85,69.92,5.274,9.46,20.6,1009.675,20.98,89.64,25
2018-03-20,20:00,25.93,78.56,4.69,8.53,35.1,1010.716,20.98,89.64,25
2018-03-20,21:00,25.72,80.35,4.5,8.04,42.1,1011.575,20.98,89.64,25
2018-03-20,22:00,25.62,80.02,5.073,8.98,46.4,1012.22,20.98,89.64,25
2018-03-20,23:00,25.38,80.57,4.666,9.03,55.6,1012.323,20.98,89.64,25
2018-03-21,0:00,25.04,81.88,4.276,7.66,54.3,1012.203,20.98,89.64,25
2018-03-21,1:00,24.81,83.05,4.475,7.2,56.1,1011.913,20.98,89.64,25
2018-03-21,2:00,24.69,83.88,3.921,8.56,41.7,1011.643,20.98,89.64,25
2018-03-21,3:00,24.48,79.15,3.956,7.27,46.8,1011.538,20.98,89.64,25
2018-03-21,4:00,24.34,69.67,3.824,6.82,52.5,1011.756,20.98,89.64,25
2018-03-21,5:00,23.8,69.89,3.347,5.59,48.1,1012.23,20.98,89.64,25
2018-03-21,6:00,23.41,71.82,3.675,6.48,40.2,1013.08,20.98,89.64,25
2018-03-21,7:00,23.57,70.92,3.76,8.36,36,1013.955,20.98,89.64,25
2018-03-21,8:00,24.38,65.56,3.669,6.89,45.4,1014.642,20.98,89.64,25
2018-03-21,9:00,25.76,56.15,4.909,9.08,41.6,1015.356,20.98,89.64,25
2018-03-21,10:00,26.43,53.53,5.519,9.31,49.1,1015.832,20.98,89.64,25
2018-03-21,11:00,26.79,54.85,5.223,9.1,48,1015.997,20.98,89.64,25
2018-03-21,12:00,27.4,51.27,5.152,8.88,43.1,1015.919,20.98,89.64,25
2018-03-21,13:00,26.97,50.99,5.95,10.17,38.6,1015.605,20.98,89.64,25
2018-03-21,14:00,26.53,52.78,5.429,9.59,43.6,1015.45,20.98,89.64,25
2018-03-21,15:00,27.03,50.83,5.993,10.15,45.7,1015.232,20.98,89.64,25
2018-03-21,16:00,26.55,53.28,6.42,10.99,37,1015.265,20.98,89.64,25
2018-03-21,17:00,25.83,55.1,6.757,10.69,38.2,1015.675,20.98,89.64,25
2018-03-21,18:00,24.82,58.42,6.043,10.49,44.2,1015.937,20.98,89.64,25
2018-03-21,19:00,24.02,65.21,6.477,11.89,47.8,1016.634,20.98,89.64,25
2018-03-21,20:00,23.62,70.61,5.584,10.21,58.3,1017.541,20.98,89.64,25
2018-03-21,21:00,23.65,71.96,4.658,8.3,56.8,1018.207,20.98,89.64,25
2018-03-21,22:00,23.55,72.02,4.413,8,64.6,1018.579,20.98,89.64,25
2018-03-21,23:00,23.22,72.83,3.688,6.67,69,1018.518,20.98,89.64,25
2018-03-22,0:00,23.02,72.13,3.683,7.13,63.6,1018.469,20.98,89.64,25
2018-03-22,1:00,22.82,73.14,3.45,6.53,56.6,1018.368,20.98,89.64,25
2018-03-22,2:00,22.83,72.35,3.695,7.48,67.6,1017.984,20.98,89.64,25
2018-03-22,3:00,22.83,71.05,3.683,7.99,75.6,1017.749,20.98,89.64,25
2018-03-22,4:00,22.68,70.41,3.417,6.47,72.9,1017.735,20.98,89.64,25
2018-03-22,5:00,22.37,70.91,3.287,6.13,78.6,1018.027,20.98,89.64,25
2018-03-22,6:00,22.05,72.09,3.456,6.38,75,1018.71,20.98,89.64,25
2018-03-22,7:00,22.01,72.24,3.725,7.16,72.9,1019.474,20.98,89.64,25
2018-03-22,8:00,23.23,67.12,4.942,9.07,76,1020.35,20.98,89.64,25
2018-03-22,9:00,24.92,59.66,5.717,9.95,78.9,1020.858,20.98,89.64,25
2018-03-22,10:00,25.87,53.83,5.499,9.39,70.7,1021.084,20.98,89.64,25
2018-03-22,11:00,26.51,51.11,4.563,7.91,73.2,1020.981,20.98,89.64,25
2018-03-22,12:00,27.18,50.48,4.306,8.12,76.5,1020.311,20.98,89.64,25
2018-03-22,13:00,27.97,49.79,3.892,8.47,58.4,1019.439,20.98,89.64,25
2018-03-22,14:00,28.51,48.86,5.442,10.22,41.6,1018.887,20.98,89.64,25
2018-03-22,15:00,28.34,48.88,6.383,11.06,36.9,1018.368,20.98,89.64,25
2018-03-22,16:00,27.77,49.54,6.869,11.25,45.2,1018.26,20.98,89.64,25
2018-03-22,17:00,26.88,52.01,6.484,10.21,44.8,1018.396,20.98,89.64,25
2018-03-22,18:00,25.57,55.96,6.432,12.21,46.2,1018.792,20.98,89.64,25
2018-03-22,19:00,24.03,61.66,6.661,13.59,51.9,1019.492,20.98,89.64,25
2018-03-22,20:00,23.15,65.72,6.21,11.95,56.7,1020.008,20.98,89.64,25
2018-03-22,21:00,22.74,66.46,5.664,10.36,68.4,1020.506,20.98,89.64,25
2018-03-22,22:00,22.22,66.9,4.847,9.53,78.5,1021.158,20.98,89.64,25
2018-03-22,23:00,21.66,67.41,4.138,8.02,84.7,1021.358,20.98,89.64,25
2018-03-23,0:00,21.15,68.15,3.629,6.53,90.1,1021.347,20.98,89.64,25
2018-03-23,1:00,20.7,68.91,3.736,8.98,97.2,1021.024,20.98,89.64,25
2018-03-23,2:00,20.38,69.52,3.758,7.02,95.9,1020.279,20.98,89.64,25
2018-03-23,3:00,20.2,68.64,4.015,7.89,93.7,1019.812,20.98,89.64,25
2018-03-23,4:00,19.99,67.66,4.034,7.26,92.7,1019.712,20.98,89.64,25
2018-03-23,5:00,19.73,67.82,4.002,7.17,92.3,1019.826,20.98,89.64,25
2018-03-23,6:00,19.54,67.94,3.424,6.36,91.6,1020.405,20.98,89.64,25
2018-03-23,7:00,19.7,67.4,3.032,5.62,97.9,1020.677,20.98,89.64,25
2018-03-23,8:00,21.97,60.44,3.708,8.84,90.2,1021.164,20.98,89.64,25
2018-03-23,9:00,23.85,54.59,4.806,9.54,89.8,1021.605,20.98,89.64,25
2018-03-23,10:00,25.6,45.78,5.082,8.17,92.4,1021.301,20.98,89.64,25
2018-03-23,11:00,27.33,37.37,5.045,8.8,86.1,1020.802,20.98,89.64,25
2018-03-23,12:00,29.15,31.04,4.239,7.47,80.4,1019.967,20.98,89.64,25
2018-03-23,13:00,30.1,27.45,4.166,9.21,79.6,1018.769,20.98,89.64,25
2018-03-23,14:00,30.29,33.32,4.991,11.32,50,1017.751,20.98,89.64,25
2018-03-23,15:00,29.14,41.89,6.715,11.56,33.4,1016.97,20.98,89.64,25
2018-03-23,16:00,28.35,44.34,6.75,11.63,45.4,1016.467,20.98,89.64,25
2018-03-23,17:00,27.44,46.93,6.651,10.9,52.6,1016.17,20.98,89.64,25
2018-03-23,18:00,25.9,51.23,6.785,10.91,54.8,1016.184,20.98,89.64,25
2018-03-23,19:00,24.12,58.48,6.375,10.87,54.3,1016.491,20.98,89.64,25
2018-03-23,20:00,23.22,62.46,5.723,10.47,60.4,1017.009,20.98,89.64,25
2018-03-23,21:00,22.81,61.83,5.895,10.11,75.6,1017.815,20.98,89.64,25
2018-03-23,22:00,22.19,61.88,5.147,9.74,85.6,1018.575,20.98,89.64,25
2018-03-23,23:00,21.6,63.36,4.317,8.29,97.5,1018.736,20.98,89.64,25
2018-03-24,0:00,21.08,64.96,4.473,7.88,103.9,1018.568,20.98,89.64,25
2018-03-24,1:00,20.54,66.62,4.189,7.11,104.2,1018.26,20.98,89.64,25
2018-03-24,2:00,19.88,68.76,3.965,6.37,103.3,1017.8,20.98,89.64,25
2018-03-24,3:00,19.2,70.78,3.721,6.06,104.4,1017.313,20.98,89.64,25
2018-03-24,4:00,18.67,72.77,3.796,6.69,99.8,1017.022,20.98,89.64,25
2018-03-24,5:00,18.35,74.29,4.074,7.43,100.1,1017.101,20.98,89.64,25
2018-03-24,6:00,17.99,75.78,4.68,8.24,99.1,1016.882,20.98,89.64,25
2018-03-24,7:00,18.41,74.45,4.261,7.4,106.7,1016.973,20.98,89.64,25
2018-03-24,8:00,20.25,68.25,4.801,7.78,109.4,1017.187,20.98,89.64,25
2018-03-24,9:00,23.18,58.68,5.268,9.23,125,1017.125,20.98,89.64,25
2018-03-24,10:00,25.57,48.48,5.257,8.82,131.5,1016.862,20.98,89.64,25
2018-03-24,11:00,27.62,40.11,3.918,8.34,132,1016.553,20.98,89.64,25
2018-03-24,12:00,29.24,34.85,4.1,8.49,126.4,1015.688,20.98,89.64,25
2018-03-24,13:00,30.93,29.73,3.861,7.17,124.9,1014.329,20.98,89.64,25
2018-03-24,14:00,32.19,26.51,3.212,7.25,123.9,1013.09,20.98,89.64,25
2018-03-24,15:00,33.31,24.15,2.531,6.95,153.1,1011.973,20.98,89.64,25
2018-03-24,16:00,33.39,26.61,2.764,6.89,122.4,1011.177,20.98,89.64,25
2018-03-24,17:00,30.02,45.26,5.357,9.8,30,1011.127,20.98,89.64,25
2018-03-24,18:00,28.09,52.61,5.586,9.31,40.9,1011.478,20.98,89.64,25
2018-03-24,19:00,26.5,61.32,4.938,8.36,46.1,1012.064,20.98,89.64,25
2018-03-24,20:00,25.25,70.67,3.748,6.78,60.4,1012.794,20.98,89.64,25
2018-03-24,21:00,25.19,69.22,2.974,5,98.7,1013.401,20.98,89.64,25
2018-03-24,22:00,26.32,50.04,5.06,10.73,128.4,1014.065,20.98,89.64,25
2018-03-24,23:00,25.4,53.7,5.306,10.47,131.6,1014.547,20.98,89.64,25
2018-03-25,0:00,24.47,58.04,4.145,7.98,136,1014.576,20.98,89.64,25
2018-03-25,1:00,23.59,61.36,3.384,6.56,141.7,1014.151,20.98,89.64,25
2018-03-25,2:00,22.78,66.03,3.347,6.3,134.4,1013.436,20.98,89.64,25
2018-03-25,3:00,22.07,69.66,3.335,6.17,132.1,1012.995,20.98,89.64,25
2018-03-25,4:00,21.29,73.19,3.287,5.89,115.2,1012.792,20.98,89.64,25
2018-03-25,5:00,20.34,77.79,3.248,5.66,108.8,1012.87,20.98,89.64,25
2018-03-25,6:00,19.82,80.76,3.407,5.9,117.5,1013.217,20.98,89.64,25
2018-03-25,7:00,20.17,79.73,3.372,5.77,119,1013.557,20.98,89.64,25
2018-03-25,8:00,22.1,73.24,3.858,7.37,118.8,1014.168,20.98,89.64,25
2018-03-25,9:00,24.95,61.65,5.146,9.86,129.3,1014.479,20.98,89.64,25
2018-03-25,10:00,27.46,49.2,4.953,8.7,127.2,1014.273,20.98,89.64,25
2018-03-25,11:00,29.51,40.25,4.495,9.75,125.4,1013.796,20.98,89.64,25
2018-03-25,12:00,31.46,33.55,3.608,6.74,123.9,1012.895,20.98,89.64,25
2018-03-25,13:00,32.88,26.32,3.15,6.49,128.8,1011.861,20.98,89.64,25
2018-03-25,14:00,34.18,23.29,2.362,6.43,137.1,1010.847,20.98,89.64,25
2018-03-25,15:00,35.01,20.67,2.997,6.59,120.3,1009.806,20.98,89.64,25
2018-03-25,16:00,35.46,20.44,2.796,6.32,142.1,1009.105,20.98,89.64,25
2018-03-25,17:00,33.13,35,5.245,9.37,44.6,1009.074,20.98,89.64,25
2018-03-25,18:00,30.51,43,5.908,9.35,45.9,1009.571,20.98,89.64,25
2018-03-25,19:00,28.24,51.5,5.334,9.34,57.3,1010.25,20.98,89.64,25
2018-03-25,20:00,26.91,58.7,4.38,7.76,67.1,1010.923,20.98,89.64,25
2018-03-25,21:00,26.45,61.83,3.741,6.67,90.7,1011.758,20.98,89.64,25
2018-03-25,22:00,27.1,54.75,6.071,11.89,125.3,1012.57,20.98,89.64,25
2018-03-25,23:00,26.15,58.55,6.14,10.48,126.2,1013.236,20.98,89.64,25
2018-03-26,0:00,24.96,64.2,5.946,11.78,128.3,1013.457,20.98,89.64,25
2018-03-26,1:00,24.22,67.96,5.2,8.45,129,1012.996,20.98,89.64,25
2018-03-26,2:00,23.58,70.85,4.732,8.81,127.7,1012.515,20.98,89.64,25
2018-03-26,3:00,23.08,73.58,4.406,7.89,130,1012.415,20.98,89.64,25
2018-03-26,4:00,22.18,76.83,4.06,7.24,116.3,1012.453,20.98,89.64,25
2018-03-26,5:00,21.34,79.87,3.894,6.59,116.2,1012.678,20.98,89.64,25
2018-03-26,6:00,20.86,82.14,3.98,6.86,115.2,1013.268,20.98,89.64,25
2018-03-26,7:00,21.07,81.71,4.285,6.92,114.8,1013.849,20.98,89.64,25
2018-03-26,8:00,23.2,74.09,4.142,7.82,116.3,1014.523,20.98,89.64,25
2018-03-26,9:00,26.04,64.24,5.766,10.22,123.7,1014.748,20.98,89.64,25
2018-03-26,10:00,28.43,52.98,5.998,9.88,123.6,1014.574,20.98,89.64,25
2018-03-26,11:00,30.47,45.79,5.088,9.61,129.5,1014.133,20.98,89.64,25
2018-03-26,12:00,32.25,40.31,4.554,8.25,119.7,1013.225,20.98,89.64,25
2018-03-26,13:00,33.73,35.01,4.929,9.74,124.8,1012.087,20.98,89.64,25
2018-03-26,14:00,35.01,29.24,4.488,10.42,120.5,1011.12,20.98,89.64,25
2018-03-26,15:00,35.91,26.44,4.505,9.22,119.7,1010.276,20.98,89.64,25
2018-03-26,16:00,36.17,25.72,4.963,9.04,112.4,1009.652,20.98,89.64,25
2018-03-26,17:00,35.39,30.19,4.335,8.26,94.7,1009.745,20.98,89.64,25
2018-03-26,18:00,31.47,46.34,5.296,8.94,39,1010.25,20.98,89.64,25
2018-03-26,19:00,29.28,55.67,4.191,7.59,50.4,1010.947,20.98,89.64,25
2018-03-26,20:00,28.75,56.98,3.501,10.05,78.5,1011.75,20.98,89.64,25
2018-03-26,21:00,29.92,48.03,6.762,12.01,119.1,1012.832,20.98,89.64,25
2018-03-26,22:00,28.05,57.57,6.454,12.98,122.9,1014.082,20.98,89.64,25
2018-03-26,23:00,26.46,64.51,6.204,10.53,118.9,1014.786,20.98,89.64,25
2018-03-27,0:00,25.37,68.75,6.18,12.77,122,1014.797,20.98,89.64,25
2018-03-27,1:00,24.56,71.56,5.158,10.17,115.8,1014.45,20.98,89.64,25
2018-03-27,2:00,23.86,73.6,4.539,7.86,116.8,1014.098,20.98,89.64,25
2018-03-27,3:00,23.25,75.15,4.064,7.02,116.6,1013.804,20.98,89.64,25
2018-03-27,4:00,22.58,77.52,4.119,7.02,114.7,1013.543,20.98,89.64,25
2018-03-27,5:00,22.02,80.11,4.477,7.47,109.3,1013.717,20.98,89.64,25
2018-03-27,6:00,21.56,81.65,3.869,8.06,111,1014.464,20.98,89.64,25
2018-03-27,7:00,21.95,81.13,4.262,7.02,113.3,1015.337,20.98,89.64,25
2018-03-27,8:00,23.47,74.92,4.776,8.27,115.4,1015.931,20.98,89.64,25
2018-03-27,9:00,25.94,65.75,5.707,11.13,122.3,1016.114,20.98,89.64,25
2018-03-27,10:00,27.99,52.9,6.655,10.78,124,1015.61,20.98,89.64,25
2018-03-27,11:00,29.8,44.85,5.819,11.01,134.1,1015.027,20.98,89.64,25
2018-03-27,12:00,31.52,38.06,6.113,10.77,130.8,1013.944,20.98,89.64,25
2018-03-27,13:00,33.05,32.06,6.029,11.81,128.8,1012.693,20.98,89.64,25
2018-03-27,14:00,34.45,27,5.34,10.99,143.6,1011.548,20.98,89.64,25
2018-03-27,15:00,35.09,25.62,5.787,11.24,128.1,1010.72,20.98,89.64,25
2018-03-27,16:00,35.42,24.79,5.778,11.78,121.8,1010.08,20.98,89.64,25
2018-03-27,17:00,34.95,24.79,5.611,11.32,127.5,1010.028,20.98,89.64,25
2018-03-27,18:00,33.81,25.73,6.071,9.9,124.4,1010.52,20.98,89.64,25
2018-03-27,19:00,32.41,29.91,4.921,10.14,133.6,1011.271,20.98,89.64,25
2018-03-27,20:00,31.04,33.86,4.266,9.15,134.6,1012.08,20.98,89.64,25
2018-03-27,21:00,29.63,39.54,4.946,10.84,129.6,1012.904,20.98,89.64,25
2018-03-27,22:00,27.92,56.26,6.116,10.67,124.7,1013.762,20.98,89.64,25
2018-03-27,23:00,26.47,64.47,6.359,12.57,125.5,1014.071,20.98,89.64,25
2018-03-28,0:00,25.52,70.1,5.667,10.07,121.7,1013.945,20.98,89.64,25
2018-03-28,1:00,24.86,74.03,5.148,9.97,115.5,1013.605,20.98,89.64,25
2018-03-28,2:00,24.15,77.41,4.932,9.18,111,1013.099,20.98,89.64,25
2018-03-28,3:00,23.53,79.89,4.943,8.2,110.9,1012.524,20.98,89.64,25
2018-03-28,4:00,22.99,81.73,4.541,8.49,112.3,1012.281,20.98,89.64,25
2018-03-28,5:00,22.49,83.14,5.056,8.75,110.6,1012.06,20.98,89.64,25
2018-03-28,6:00,22.09,83.57,4.741,8.2,112.7,1012.381,20.98,89.64,25
2018-03-28,7:00,22.63,78.4,5.409,9.3,117,1012.814,20.98,89.64,25
2018-03-28,8:00,24.55,68.14,6.093,11.15,126.3,1013.209,20.98,89.64,25
2018-03-28,9:00,26.57,58,7.892,13.23,128.5,1013.115,20.98,89.64,25
2018-03-28,10:00,28.65,47.68,7.209,12.83,129.9,1012.768,20.98,89.64,25
2018-03-28,11:00,30.52,40.36,7.144,11.75,129.6,1012.113,20.98,89.64,25
2018-03-28,12:00,32.14,35.69,6.985,11.47,126.5,1011.045,20.98,89.64,25
2018-03-28,13:00,33.57,33.15,6.219,12.22,127,1009.649,20.98,89.64,25
2018-03-28,14:00,34.38,31.69,6.476,12.14,123.7,1008.324,20.98,89.64,25
2018-03-28,15:00,34.98,30.85,6.175,12.06,128.9,1007.164,20.98,89.64,25
2018-03-28,16:00,35.18,28.83,6.034,12.97,132,1006.557,20.98,89.64,25
2018-03-28,17:00,34.81,29.31,6.037,10.42,130.6,1006.511,20.98,89.64,25
2018-03-28,18:00,33.78,31.3,6.022,10.79,132.4,1006.627,20.98,89.64,25
2018-03-28,19:00,32.25,35.77,5.969,11.03,130.6,1007.16,20.98,89.64,25
2018-03-28,20:00,30.77,42.94,6.344,10.88,126.1,1008.186,20.98,89.64,25
2018-03-28,21:00,29.48,47.75,5.622,10.65,132.4,1009.322,20.98,89.64,25
2018-03-28,22:00,28.09,56.54,6.074,11,130.2,1010.308,20.98,89.64,25
2018-03-28,23:00,26.7,63.11,6.45,12.25,130.1,1010.797,20.98,89.64,25
2018-03-29,0:00,25.86,68.46,6.049,12.33,132.2,1010.645,20.98,89.64,25
2018-03-29,1:00,25.23,73.27,4.949,9.26,129.7,1010.224,20.98,89.64,25
2018-03-29,2:00,24.56,76.59,4.909,8.26,125.6,1009.55,20.98,89.64,25
2018-03-29,3:00,23.98,79.6,4.632,7.52,124,1009,20.98,89.64,25
2018-03-29,4:00,23.31,82.46,4.767,7.93,123.5,1008.553,20.98,89.64,25
2018-03-29,5:00,22.87,84.22,4.409,7.88,121.9,1008.477,20.98,89.64,25
2018-03-29,6:00,22.49,85.71,3.704,6.42,126.9,1008.87,20.98,89.64,25
2018-03-29,7:00,22.62,85.28,4.481,7.89,121.7,1009.051,20.98,89.64,25
2018-03-29,8:00,24.45,79.01,5.691,13.63,129.6,1009.459,20.98,89.64,25
2018-03-29,9:00,27.32,66.27,7.261,13.22,135,1009.889,20.98,89.64,25
2018-03-29,10:00,28.74,59.29,6.66,11.6,150.6,1010.384,20.98,89.64,25
2018-03-29,11:00,30.76,51.18,6.246,10.81,153,1010.342,20.98,89.64,25
2018-03-29,12:00,32.26,46.45,5.727,11.35,157.7,1009.942,20.98,89.64,25
2018-03-29,13:00,33.57,41.6,5.662,10.81,157.1,1009.016,20.98,89.64,25
2018-03-29,14:00,34.81,36.95,5.173,10.65,156.1,1007.975,20.98,89.64,25
2018-03-29,15:00,35.65,33.8,4.285,9.44,152.4,1007.316,20.98,89.64,25
2018-03-29,16:00,36.01,32.07,3.578,7.56,155.5,1006.982,20.98,89.64,25
2018-03-29,17:00,35.92,31.73,3.437,8.15,138.5,1006.862,20.98,89.64,25
2018-03-29,18:00,35.48,31.99,3.576,7.67,140.1,1006.994,20.98,89.64,25
2018-03-29,19:00,34.39,35.71,3.167,6.7,132.9,1007.629,20.98,89.64,25
2018-03-29,20:00,31.93,47.87,2.866,7.77,191.2,1009.029,20.98,89.64,25
2018-03-29,21:00,31.34,50.11,4.718,10.01,150.2,1010.408,20.98,89.64,25
2018-03-29,22:00,29.74,56.67,5.055,9.72,133.6,1011.545,20.98,89.64,25
2018-03-29,23:00,28.53,60.78,5.06,9.9,136.5,1012.327,20.98,89.64,25
2018-03-30,0:00,27.41,67.08,5.048,10.25,132.2,1012.299,20.98,89.64,25
2018-03-30,1:00,26.54,72.5,4.649,8.78,131.8,1012.141,20.98,89.64,25
2018-03-30,2:00,25.8,77.13,4.648,8.43,131.9,1012.02,20.98,89.64,25
2018-03-30,3:00,25.24,80.97,3.819,8.05,141.4,1011.715,20.98,89.64,25
2018-03-30,4:00,24.8,83.52,3.63,7.01,137,1011.672,20.98,89.64,25
2018-03-30,5:00,24.43,85.41,3.549,7.57,132.1,1012.002,20.98,89.64,25
2018-03-30,6:00,24.1,87.12,4,6.69,130.1,1012.467,20.98,89.64,25
2018-03-30,7:00,24.16,87.17,3.978,7.46,131.9,1013.037,20.98,89.64,25
2018-03-30,8:00,25.55,81.03,4.269,7.98,137.8,1013.69,20.98,89.64,25
2018-03-30,9:00,27.54,69.35,5.047,9.17,144.6,1014.403,20.98,89.64,25
2018-03-30,10:00,29.31,59.59,5.328,9.14,154,1014.395,20.98,89.64,25
2018-03-30,11:00,31.41,49.56,4.446,8.9,149.4,1014.22,20.98,89.64,25
2018-03-30,12:00,33.24,42.46,3.414,8.08,145.5,1013.585,20.98,89.64,25
2018-03-30,13:00,34.38,37.01,2.351,7.22,120.9,1012.769,20.98,89.64,25
2018-03-30,14:00,35.25,32.68,2.276,5.98,131.1,1011.85,20.98,89.64,25
2018-03-30,15:00,34.93,37.29,3.634,10.36,338.6,1011.177,20.98,89.64,25
2018-03-30,16:00,31.2,55.12,6.675,11.29,345.2,1011.266,20.98,89.64,25
2018-03-30,17:00,28.62,66.64,7.122,11.79,353.5,1012.117,20.98,89.64,25
2018-03-30,18:00,26.94,74.77,6.555,13.3,8.6,1012.954,20.98,89.64,25
2018-03-30,19:00,26.35,77.44,6.079,11.48,16.4,1013.592,20.98,89.64,25
2018-03-30,20:00,26.18,79.16,5.526,9.67,13.4,1014.368,20.98,89.64,25
2018-03-30,21:00,26.09,79.73,4.621,9.94,18.6,1015.025,20.98,89.64,25
2018-03-30,22:00,25.98,81.65,3.856,7.4,38.8,1015.704,20.98,89.64,25
2018-03-30,23:00,25.75,83.78,3.342,6.42,38.7,1015.622,20.98,89.64,25
2018-03-31,0:00,25.62,84.12,2.633,4.82,27.5,1015.194,20.98,89.64,25
2018-03-31,1:00,25.35,86.33,2.362,4.4,51.6,1014.836,20.98,89.64,25
2018-03-31,2:00,25.34,86.27,2.589,6.24,78.7,1014.582,20.98,89.64,25
2018-03-31,3:00,25.35,83.54,3.654,5.64,94,1014.296,20.98,89.64,25
2018-03-31,4:00,25.24,79.77,4.237,7.75,107,1014.289,20.98,89.64,25
2018-03-31,5:00,24.87,82.32,4.396,7.8,112.6,1014.264,20.98,89.64,25
2018-03-31,6:00,24.71,84.43,3.579,5.86,110.5,1014.834,20.98,89.64,25
2018-03-31,7:00,24.97,83.38,3.659,7.51,128.5,1014.938,20.98,89.64,25
2018-03-31,8:00,26.12,78.06,4.557,8.8,134.3,1015.333,20.98,89.64,25
2018-03-31,9:00,27.46,70.14,4.364,7.23,127.7,1016.185,20.98,89.64,25
2018-03-31,10:00,29.44,57.02,3.576,7.06,124.7,1016.877,20.98,89.64,25
2018-03-31,11:00,31.31,47.13,3.246,6.53,105.2,1016.798,20.98,89.64,25
2018-03-31,12:00,32.6,39.43,2.337,6.82,99.6,1016.076,20.98,89.64,25
2018-03-31,13:00,32.35,41,2.202,4.74,37.8,1015.086,20.98,89.64,25
2018-03-31,14:00,30.08,47.2,3.216,6.83,269.9,1014.496,20.98,89.64,25
2018-03-31,15:00,28.13,63.16,3.3,6.31,22.3,1013.789,20.98,89.64,25
2018-03-31,16:00,27.9,62.55,3.976,7.53,16.7,1013.293,20.98,89.64,25
2018-03-31,17:00,27.88,59.65,3.666,7.22,27.3,1013.426,20.98,89.64,25
2018-03-31,18:00,27.97,57.87,4.455,8.65,49.4,1013.8,20.98,89.64,25
2018-03-31,19:00,26.63,67.63,4.093,7.93,63,1014.187,20.98,89.64,25
2018-03-31,20:00,26.04,73.17,3.938,7.57,75.1,1014.751,20.98,89.64,25
2018-03-31,21:00,25.43,76.39,3.587,6.72,82.9,1015.376,20.98,89.64,25
2018-03-31,22:00,24.99,78.49,2.728,5.01,84.5,1015.92,20.98,89.64,25
2018-03-31,23:00,24.27,77.76,2.935,5.53,141.8,1016.303,20.98,89.64,25
